ticker,horizon,rmse,mz_alpha,mz_beta,mz_r2,qlike,event_capture_rate,n_predictions
AAPL,21,0.06519920744564954,-0.030777352684815157,1.2123647198569358,0.33376778801304974,0.037172973085104394,0.7592592592592593,2990
AAPL,63,0.055380470517289594,-0.05749581908230145,1.3430363929241165,0.334928295934249,0.02950578559805251,0.7175141242937854,2990
AAPL,126,0.040198725774051196,-0.057273661511357155,1.3337013250408922,0.5278306200234916,0.01619666123658507,0.7543859649122807,2990
XOM,21,0.07541628144067478,0.0324769438780278,0.8915991818647755,0.43672771024676704,0.03607174396996488,0.8529411764705882,2990
XOM,63,0.07234335823479966,0.01526391300076374,1.0256666969466053,0.4080302270122447,0.04209788811316369,0.5802469135802469,2990
XOM,126,0.06293615501991486,0.012139643116711896,1.0314879988518635,0.45762528417960546,0.03333974294691054,0.4580152671755725,2990
JPM,21,0.0764926092943257,-0.0013621523030904747,1.0570846070955946,0.2446223497918667,0.042713192491919204,0.6746987951807228,2990
JPM,63,0.06571425379155338,-0.021449179608121482,1.1876613315972122,0.2644894317894635,0.03619158341411006,0.5107913669064749,2990
JPM,126,0.05362927166945258,-0.053649090301898544,1.3330799362132646,0.3417194757066486,0.02506976624883555,0.5923076923076923,2990
