ticker,horizon,model,r2,rmse,qlike,n
ABBV,21,Ensemble,0.2520188929639615,0.07233783738263029,0.037693188249178715,2015
ABBV,21,HAR-RV,0.21668188202834793,0.0749755600462895,0.037463510873141564,1763
ABBV,21,"GARCH(1,1)",-0.408144215638619,0.10052502744997772,0.06429431430003142,1763
ABBV,63,Ensemble,0.18717508664936955,0.06267502616535757,0.028540790484110273,2015
ABBV,63,HAR-RV,-0.01259918849596775,0.07039142518102937,0.037014551965258595,1763
ABBV,63,"GARCH(1,1)",-0.7603699764789298,0.09281174694123207,0.057072484882232336,1763
ABBV,126,Ensemble,0.27192127098005303,0.04934730905719494,0.018842355158445893,2015
ABBV,126,HAR-RV,-0.10060016441512398,0.06106289325756815,0.030321455167597374,1763
ABBV,126,"GARCH(1,1)",-1.0907807033891226,0.08416215223300172,0.048496366158451945,1763
ADBE,21,Ensemble,0.3750703811675091,0.07297964092667922,0.03541092267785423,2516
ADBE,21,HAR-RV,0.24157973785088316,0.08231591542595117,0.04515331970248464,2264
ADBE,21,"GARCH(1,1)",-0.2220847461518185,0.1044911503445021,0.06659523433830684,2264
ADBE,63,Ensemble,0.29084365557554737,0.06591891515292937,0.030107209113259658,2516
ADBE,63,HAR-RV,0.08096935038110187,0.07690031231789901,0.04385672721979296,2264
ADBE,63,"GARCH(1,1)",-0.26752762696228416,0.09031124366655142,0.05522677752947265,2264
ADBE,126,Ensemble,0.3915255500621979,0.051922453570029614,0.019771001998384823,2516
ADBE,126,HAR-RV,0.02109244944141231,0.06729246375651149,0.03518895575280997,2264
ADBE,126,"GARCH(1,1)",-0.3638126041962828,0.07942787433264353,0.044115245919249486,2264
ABT,21,Ensemble,0.2693579320141667,0.057957907452757064,0.030878827892849705,2516
ABT,21,HAR-RV,0.22336884250629185,0.061698119732875444,0.03747972943520085,2264
ABT,21,"GARCH(1,1)",-0.011563756821133975,0.07041434671366147,0.043691549802484804,2264
ABT,63,Ensemble,0.14474411193196868,0.053622033981038736,0.027977785148604883,2516
ABT,63,HAR-RV,0.01546641656772585,0.05935263196290048,0.03633024677313482,2264
ABT,63,"GARCH(1,1)",-0.12769589849040175,0.06352149565031241,0.039769034968856726,2264
ABT,126,Ensemble,0.26839395153499246,0.04254805797622689,0.018496861051477693,2516
ABT,126,HAR-RV,-0.0494400037880911,0.0526860854000896,0.030475753690567806,2264
ABT,126,"GARCH(1,1)",-0.16526638123231896,0.055517478416293904,0.0327290827035355,2264
AAPL,21,Ensemble,0.30261576458383965,0.06464871779286163,0.038214920216143894,2516
AAPL,21,HAR-RV,0.25408650704029345,0.06916731807513035,0.0426153241494339,2264
AAPL,21,"GARCH(1,1)",-0.5033644527196219,0.09819487992041254,0.08029616860361574,2264
AAPL,63,Ensemble,0.34852555001880847,0.052303160272344655,0.026131134010512234,2516
AAPL,63,HAR-RV,0.11706534410107439,0.06272020917236223,0.03986165460302683,2264
AAPL,63,"GARCH(1,1)",-0.8402860559736329,0.09054946402200381,0.07235492467025098,2264
AAPL,126,Ensemble,0.45260105788263494,0.0402797643487124,0.016279449708736154,2516
AAPL,126,HAR-RV,0.12156262818985553,0.053005742757720936,0.029676658355131856,2264
AAPL,126,"GARCH(1,1)",-1.1664453470809635,0.0832417863278351,0.06153730099797192,2264
AEP,21,Ensemble,0.24088389553531242,0.07270916413510686,0.04033317511072875,2516
AEP,21,HAR-RV,0.22363829747753228,0.07697631312653717,0.04775362816635177,2264
AEP,21,"GARCH(1,1)",0.1514060841467687,0.08047759903236965,0.044300076443193864,2264
AEP,63,Ensemble,0.0451129326396178,0.07269546433124931,0.051140755623427875,2516
AEP,63,HAR-RV,0.033014991797476134,0.07675927574941992,0.056933013514244124,2264
AEP,63,"GARCH(1,1)",-0.017022410759025774,0.07872021278865883,0.05689774878818085,2264
AEP,126,Ensemble,0.13909730048053515,0.06187239647429974,0.040706933628053714,2516
AEP,126,HAR-RV,-0.06868039110171398,0.07254259740669507,0.07112665418850926,2264
AEP,126,"GARCH(1,1)",-0.06877037306012701,0.07254565135418028,0.0570280097550102,2264
AMD,21,Ensemble,0.23725787300109402,0.10016788859482771,0.02447736329290019,2516
AMD,21,HAR-RV,0.11779631330272777,0.10764704410728686,0.028100888594122492,2264
AMD,21,"GARCH(1,1)",-5.16679279848047,0.28460816360964436,0.10593006690504882,2264
AMD,63,Ensemble,0.3053105204093439,0.07526110079218404,0.013615531546303036,2516
AMD,63,HAR-RV,0.06754520400152975,0.08911896958523555,0.018624020054170937,2264
AMD,63,"GARCH(1,1)",-11.237669930738576,0.3228535979374446,0.11086648805131616,2264
AMD,126,Ensemble,0.29371577228035506,0.06266163723822846,0.009670570751126829,2516
AMD,126,HAR-RV,3.3088137416315e-05,0.07760807716765276,0.014242554490354557,2264
AMD,126,"GARCH(1,1)",-22.18763198891316,0.3737165302875125,0.1146193537623899,2264
AMAT,21,Ensemble,0.33028687094551545,0.07821417728874944,0.026809932766647386,2516
AMAT,21,HAR-RV,0.254711536121639,0.08430271175339542,0.030544019831878735,2264
AMAT,21,"GARCH(1,1)",-0.08913089930429319,0.10191060620849357,0.0420659924469614,2264
AMAT,63,Ensemble,0.28160526201330893,0.06967070810840333,0.021801703196624767,2516
AMAT,63,HAR-RV,0.0839755058482482,0.08031234094201115,0.031719750904849194,2264
AMAT,63,"GARCH(1,1)",-0.07730584737546642,0.08709600805963617,0.03308742755945956,2264
AMAT,126,Ensemble,0.4470512842085337,0.051708362853889515,0.012875566506699819,2516
AMAT,126,HAR-RV,0.003430283495011288,0.07059859162077413,0.026000798212846125,2264
AMAT,126,"GARCH(1,1)",-0.05105118307440737,0.07250269117640151,0.02415266880602158,2264
AMGN,21,Ensemble,0.347267800558857,0.05409963610162283,0.023448165356474225,2516
AMGN,21,HAR-RV,0.21383649032273633,0.06099170687597917,0.029548291859872126,2264
AMGN,21,"GARCH(1,1)",-0.0072177622067077785,0.06903606586906834,0.038475850925276826,2264
AMGN,63,Ensemble,0.26040284644543843,0.047107079196792016,0.018958019954470537,2516
AMGN,63,HAR-RV,0.0484119651175039,0.05475538053021975,0.027245394024937433,2264
AMGN,63,"GARCH(1,1)",-0.18964565555549662,0.061222509410485626,0.03307916565344548,2264
AMGN,126,Ensemble,0.34595310604857155,0.03696558206278513,0.012332216093437461,2516
AMGN,126,HAR-RV,-0.09659688632992691,0.04787751006038203,0.021555360589219787,2264
AMGN,126,"GARCH(1,1)",-0.3829302035114386,0.05376605635402731,0.026726350131581606,2264
AMT,21,Ensemble,0.42280793768641745,0.06360257643544903,0.02887314266841462,2516
AMT,21,HAR-RV,0.19294179566076997,0.07713945490899517,0.04299883688539421,2264
AMT,21,"GARCH(1,1)",0.1879512131732014,0.07737758984799616,0.03911768346056766,2264
AMT,63,Ensemble,0.21240086010022996,0.06437203029520863,0.030322420339356063,2516
AMT,63,HAR-RV,0.05740704004539532,0.07193955984148573,0.04043689039421351,2264
AMT,63,"GARCH(1,1)",0.09158950812072642,0.07062309580056897,0.037368508937113486,2264
AMT,126,Ensemble,0.3376751418167546,0.0517980802826257,0.020846822810364214,2516
AMT,126,HAR-RV,-0.06001070859244462,0.06639053033165455,0.03509268837148205,2264
AMT,126,"GARCH(1,1)",0.03372693329190801,0.06338710959520265,0.03295719940482482,2264
APD,21,Ensemble,0.31951612165060395,0.06510858608803334,0.03426440046339306,2516
APD,21,HAR-RV,0.21297307813660182,0.07265116106432419,0.04200261687082908,2264
APD,21,"GARCH(1,1)",-0.08052958542134192,0.08512675848048203,0.061526599507671434,2264
APD,63,Ensemble,0.16679202011303884,0.06192504119655061,0.033253884388977306,2516
APD,63,HAR-RV,0.0830140369270429,0.06811900480780629,0.043902581879713604,2264
APD,63,"GARCH(1,1)",-0.21194526455741136,0.07831202491575351,0.05865420320107219,2264
APD,126,Ensemble,0.2894066186210559,0.04985731931830594,0.02344259337553866,2516
APD,126,HAR-RV,0.007428138637227799,0.06185551385143079,0.03839486323002241,2264
APD,126,"GARCH(1,1)",-0.305651603446901,0.07094325204823328,0.05195492128541986,2264
AMZN,21,Ensemble,0.3928584583782331,0.06959713210843645,0.03434490149223794,2516
AMZN,21,HAR-RV,0.3390136233794292,0.07545119082059114,0.04830320428486967,2264
AMZN,21,"GARCH(1,1)",-1.033662844180348,0.13234554333100193,0.11826260567443089,2264
AMZN,63,Ensemble,0.4273485614745507,0.05796796258407775,0.02895634558158919,2516
AMZN,63,HAR-RV,0.22063554853085343,0.07047770045208154,0.043206322214054356,2264
AMZN,63,"GARCH(1,1)",-1.5079008083434662,0.12642606092978612,0.10440695610660446,2264
AMZN,126,Ensemble,0.4619583063121744,0.048019012870096474,0.019328469954736707,2516
AMZN,126,HAR-RV,0.11080132794221464,0.06462203114703165,0.03534718650020714,2264
AMZN,126,"GARCH(1,1)",-2.070813838231477,0.12009030451655339,0.0891718107426197,2264
AVGO,21,Ensemble,0.2206141408028388,0.08918610408851121,0.03419365380673719,2516
AVGO,21,HAR-RV,0.12384548432843723,0.09776574133494066,0.04070523816943482,2264
AVGO,21,"GARCH(1,1)",-0.47204942801778693,0.1267236117884492,0.07273849011444723,2264
AVGO,63,Ensemble,0.12799616332920838,0.07872234579482507,0.028721157518597537,2516
AVGO,63,HAR-RV,0.01093470151771947,0.08694586897375445,0.03649853617982821,2264
AVGO,63,"GARCH(1,1)",-0.6962367936896043,0.11386223639724591,0.06211497885508575,2264
AVGO,126,Ensemble,0.28078011916507695,0.05955005039762804,0.0178918861143726,2516
AVGO,126,HAR-RV,-0.04960661677129985,0.07419544876480264,0.029312017011990505,2264
AVGO,126,"GARCH(1,1)",-0.9784660787653527,0.10186577421810154,0.05188171492857638,2264
BKNG,21,Ensemble,0.38814258475303454,0.05972194925978574,0.02202581886978933,1031
BKNG,21,HAR-RV,-0.4025204879128439,0.06888745840053445,0.038057094223756416,779
BKNG,21,"GARCH(1,1)",-2.61414662394835,0.11058301803740755,0.07770239847646343,779
BKNG,63,Ensemble,0.4431227377781882,0.048743454481033184,0.015043886303759347,1031
BKNG,63,HAR-RV,-1.0710907107581407,0.06280485924579404,0.030374582596652638,779
BKNG,63,"GARCH(1,1)",-6.714299063290422,0.12121096865749646,0.08609376228990916,779
BKNG,126,Ensemble,0.5633357967073565,0.038757452010324836,0.009901331020961225,1031
BKNG,126,HAR-RV,-2.1524102307925546,0.061565533288188465,0.027826149260127296,779
BKNG,126,"GARCH(1,1)",-12.349074035330519,0.12668985889800985,0.0885874709279732,779
AXP,21,Ensemble,0.3076469138536363,0.08644391267626692,0.04575186667784549,2516
AXP,21,HAR-RV,0.34169375094940124,0.08696261315651298,0.051534049288363325,2264
AXP,21,"GARCH(1,1)",-0.3674512997051407,0.1253356237803136,0.07668169058219522,2264
AXP,63,Ensemble,0.16738378954488953,0.08551732730859804,0.054942658911452426,2516
AXP,63,HAR-RV,0.16306636786360107,0.08870638695261567,0.060714186693255075,2264
AXP,63,"GARCH(1,1)",-0.4855843759755929,0.11818382509227124,0.08362645836985197,2264
AXP,126,Ensemble,0.3469017448448045,0.0687068287555498,0.03556930029943738,2516
AXP,126,HAR-RV,0.050507038518736724,0.08545051951521451,0.06105885627947164,2264
AXP,126,"GARCH(1,1)",-0.6103483833538983,0.1112829816628901,0.08278244630476506,2264
BA,21,Ensemble,0.3119880896939512,0.13405449978462558,0.058774536522123486,2516
BA,21,HAR-RV,0.3170829701175931,0.13639073566816884,0.06184082807126614,2264
BA,21,"GARCH(1,1)",0.2725062966815026,0.1407717533300898,0.06151847691671311,2264
BA,63,Ensemble,0.309311746447809,0.12360528458716241,0.05428107344824197,2516
BA,63,HAR-RV,0.16566416183808785,0.13838627151819766,0.07529249431038684,2264
BA,63,"GARCH(1,1)",0.19538814603718535,0.13589884709343825,0.07094193281503253,2264
BA,126,Ensemble,0.3882634231646954,0.10764753061389366,0.043468528881029325,2516
BA,126,HAR-RV,0.021116663575434846,0.13883744558173633,0.0773005640730891,2264
BA,126,"GARCH(1,1)",0.09731080170100181,0.1333245939575655,0.07754387030481484,2264
BAC,21,Ensemble,0.35222018532240074,0.06723468570510795,0.030473883696513483,2829
BAC,21,HAR-RV,0.21835056832958633,0.07540291265105721,0.04100055673696042,2577
BAC,21,"GARCH(1,1)",-0.8640100410962761,0.11644108339664377,0.07756427727727308,2577
BAC,63,Ensemble,0.2855959082010653,0.06124141129358519,0.02557589406034848,2829
BAC,63,HAR-RV,0.04098057340775607,0.07255243653923442,0.04117542630325454,2577
BAC,63,"GARCH(1,1)",-1.2795956617375328,0.11185804136887004,0.08063648699569455,2577
BAC,126,Ensemble,0.34566191874690655,0.051574988297318186,0.02045169528374394,2829
BAC,126,HAR-RV,-0.03866419133680887,0.06679501692406509,0.038422875485267266,2577
BAC,126,"GARCH(1,1)",-1.725048331844539,0.10819161142027434,0.0792643910875955,2577
BLK,21,Ensemble,0.36347624550941293,0.0688025245505096,0.03325843482065273,2516
BLK,21,HAR-RV,0.24001253981963655,0.07774127096717405,0.040473332715281855,2264
BLK,21,"GARCH(1,1)",-0.14068711386663657,0.09524269833684126,0.05770991588915114,2264
BLK,63,Ensemble,0.19119652065002324,0.0674848368256672,0.034685068829996606,2516
BLK,63,HAR-RV,0.09453122639424283,0.07423121477240756,0.04622398865767083,2264
BLK,63,"GARCH(1,1)",-0.3611037168385085,0.09101132536041631,0.0624167868625652,2264
BLK,126,Ensemble,0.3253535857926766,0.05335365988704887,0.023831779077353506,2516
BLK,126,HAR-RV,0.0012798249023616703,0.06757801057115789,0.041875251144091734,2264
BLK,126,"GARCH(1,1)",-0.5172703455018277,0.08329424111947624,0.058018355220346395,2264
C,21,Ensemble,0.3011190955089622,0.08436274441830273,0.03568516052995568,2516
C,21,HAR-RV,0.3066557495028477,0.08613508403240162,0.04130117616011842,2264
C,21,"GARCH(1,1)",-0.5819719075014393,0.13010830108134394,0.06250607442706746,2264
C,63,Ensemble,0.22475890101557905,0.0786270292599314,0.031975886314061314,2516
C,63,HAR-RV,0.08121913589272922,0.08756949186701593,0.04484213833827519,2264
C,63,"GARCH(1,1)",-0.9306693512727704,0.12694067700130612,0.06957593625923317,2264
C,126,Ensemble,0.3273149516394731,0.0648074200145736,0.023020862559636698,2516
C,126,HAR-RV,-0.01752052680098415,0.08153511056721804,0.04173527828285427,2264
C,126,"GARCH(1,1)",-1.170196866368324,0.11907556227150333,0.0693490006515467,2264
CAT,21,Ensemble,0.37681204494519627,0.06357844920921328,0.026496129148759692,2516
CAT,21,HAR-RV,0.15634781195622116,0.07501333451944825,0.0376897632693256,2264
CAT,21,"GARCH(1,1)",-0.30966293974746373,0.09346231237418688,0.05328169972551757,2264
CAT,63,Ensemble,0.17675357971023486,0.0618079333978519,0.028042206890255154,2516
CAT,63,HAR-RV,-0.015706887446904183,0.06953839294581299,0.037037300222815546,2264
CAT,63,"GARCH(1,1)",-0.5386201155016468,0.08558667490193811,0.048356538844922234,2264
CAT,126,Ensemble,0.12930270819817602,0.05283274679422234,0.022875928763835658,2516
CAT,126,HAR-RV,-0.09867275229435957,0.05976958831478097,0.029095899949085013,2264
CAT,126,"GARCH(1,1)",-0.6700505767140403,0.07369039753580464,0.03843479071874276,2264
BMY,21,Ensemble,0.2624847770868137,0.053570576217940674,0.023358934901138217,2516
BMY,21,HAR-RV,0.07995672278451738,0.06175876380334352,0.03123127996011987,2264
BMY,21,"GARCH(1,1)",-0.3879211920889336,0.07585371746928313,0.04759622718468497,2264
BMY,63,Ensemble,0.1594774218269268,0.044899068967124776,0.01783307007041902,2516
BMY,63,HAR-RV,0.03272775240391801,0.04909199531207481,0.02164881257684185,2264
BMY,63,"GARCH(1,1)",-0.5872079194557338,0.06288589282841157,0.03498896123396669,2264
BMY,126,Ensemble,0.40738527115748735,0.031103255023787812,0.00935643024761095,2516
BMY,126,HAR-RV,-0.03706773746153447,0.040678377566356706,0.016223363462768536,2264
BMY,126,"GARCH(1,1)",-0.8864802971751886,0.054863839583420865,0.027670048516524545,2264
CCI,21,Ensemble,0.33563260671971573,0.062317206339487126,0.02913687334409496,2516
CCI,21,HAR-RV,0.24711387000372476,0.06799539999262283,0.03620372444112956,2264
CCI,21,"GARCH(1,1)",0.20802144982530213,0.06973833820978026,0.03375254308404436,2264
CCI,63,Ensemble,0.1539349625644777,0.06070532464035444,0.02970021579215955,2516
CCI,63,HAR-RV,0.08557443201580939,0.06459504911676964,0.035064085471369695,2264
CCI,63,"GARCH(1,1)",0.10045941454830798,0.06406715423690168,0.03283025130666417,2264
CCI,126,Ensemble,0.3246364806126477,0.0478954363719338,0.01915420146874553,2516
CCI,126,HAR-RV,-0.040249499506825215,0.060137246951956644,0.03163500541755137,2264
CCI,126,"GARCH(1,1)",0.03957181009836219,0.05778395106620009,0.0295137241171261,2264
CMCSA,21,Ensemble,0.2847278208087255,0.06325108342107082,0.027710242831337405,2516
CMCSA,21,HAR-RV,0.14470834766333052,0.07104315648759048,0.03489788268965169,2264
CMCSA,21,"GARCH(1,1)",-0.12907399174969592,0.08162559015450337,0.038649423289312465,2264
CMCSA,63,Ensemble,0.18927653532604494,0.05625317950078077,0.02440959286270552,2516
CMCSA,63,HAR-RV,0.07195997756311812,0.06226237237330241,0.029259702162975725,2264
CMCSA,63,"GARCH(1,1)",-0.22183927287941363,0.07144130049495491,0.0334596701232069,2264
CMCSA,126,Ensemble,0.18720377708152047,0.04822729346285813,0.019849999153079258,2516
CMCSA,126,HAR-RV,0.003061618751535211,0.0554722950138684,0.026558068428361527,2264
CMCSA,126,"GARCH(1,1)",-0.3106118376503342,0.0636032077015925,0.030785231760835054,2264
CL,21,Ensemble,0.225534677167314,0.057493599295156,0.03476574669241151,2829
CL,21,HAR-RV,0.11030729597405275,0.063341541651558,0.04649653377422908,2577
CL,21,"GARCH(1,1)",0.11770621434457129,0.06307760931884956,0.04471571772719622,2577
CL,63,Ensemble,0.23435770475188222,0.04780791536825327,0.028219218340785134,2829
CL,63,HAR-RV,0.04043442278052223,0.051692416756294025,0.0343853643344871,2577
CL,63,"GARCH(1,1)",0.01996079995734712,0.05224096980583299,0.03499190972811084,2577
CL,126,Ensemble,0.24594491398799467,0.03993031928105733,0.02209155386782729,2829
CL,126,HAR-RV,-0.021581626205224635,0.04413263691225888,0.028232940825570194,2577
CL,126,"GARCH(1,1)",-0.028214714920732797,0.04427568081816224,0.028387729118185396,2577
COP,21,Ensemble,0.448749358603336,0.09495536924676296,0.03438367887191723,2516
COP,21,HAR-RV,0.3679982968267048,0.10408038824604628,0.03707479872281317,2264
COP,21,"GARCH(1,1)",-0.402049227494953,0.1550213128308314,0.05579179152116554,2264
COP,63,Ensemble,0.25317648040996643,0.0992468613467919,0.04153494684805988,2516
COP,63,HAR-RV,0.1094524206182177,0.11144757795515842,0.053442252534336106,2264
COP,63,"GARCH(1,1)",-1.1490461627691126,0.1731270556344273,0.07749431256454066,2264
COP,126,Ensemble,0.28905846595713613,0.08649264386656899,0.03609739829678347,2516
COP,126,HAR-RV,0.0330076559430067,0.10468941336312523,0.05171765739200559,2264
COP,126,"GARCH(1,1)",-1.7492594329461917,0.17652211011302815,0.082998261859628,2264
COST,21,Ensemble,0.36899184781526617,0.050276979089297076,0.03105949680009345,2516
COST,21,HAR-RV,0.1811038408196387,0.05849705360309108,0.043008151121433316,2264
COST,21,"GARCH(1,1)",0.07405179545080365,0.062203227870430255,0.04814361239995753,2264
COST,63,Ensemble,0.22269387697913612,0.0462470555438166,0.02914515941251138,2516
COST,63,HAR-RV,0.05699520326765295,0.05122351998305623,0.03622729127366147,2264
COST,63,"GARCH(1,1)",0.00629700480852502,0.052582443948524675,0.03772503504807276,2264
COST,126,Ensemble,0.31985447878594775,0.03535397854856166,0.01775653857738929,2516
COST,126,HAR-RV,0.0039038578028647297,0.043594401880172266,0.027617554666922072,2264
COST,126,"GARCH(1,1)",-0.009171938712067673,0.043879601759817144,0.02738875978377193,2264
CSCO,21,Ensemble,0.2810623912949409,0.06154748925704765,0.03272926406150157,2516
CSCO,21,HAR-RV,0.2025378479269333,0.06747944111942988,0.03958915704396156,2264
CSCO,21,"GARCH(1,1)",-0.8155454764073498,0.10181693109986403,0.09130286764183018,2264
CSCO,63,Ensemble,0.21933346002685827,0.05493295912219624,0.028644082355266155,2516
CSCO,63,HAR-RV,0.07542928266069071,0.06207354166042426,0.0391937792651351,2264
CSCO,63,"GARCH(1,1)",-1.2820325981186773,0.09752082796293628,0.08891366294072592,2264
CSCO,126,Ensemble,0.4092532979732306,0.041109647197998596,0.017139391425532086,2516
CSCO,126,HAR-RV,0.019850815038528036,0.055370356018033404,0.034475005996618215,2264
CSCO,126,"GARCH(1,1)",-1.736474757755127,0.09251815161371617,0.08220730123821555,2264
CVS,21,Ensemble,0.2263729775846709,0.07112959452747798,0.03812789329846246,2516
CVS,21,HAR-RV,0.0922750900227618,0.07727752845842523,0.042995420479989346,2264
CVS,21,"GARCH(1,1)",-0.2874344787824956,0.09203195863326075,0.049606257797392694,2264
CVS,63,Ensemble,0.0538824377489282,0.06481571064291827,0.03756732390159874,2516
CVS,63,HAR-RV,-0.02294563446676423,0.06409077433639995,0.034340582191324055,2264
CVS,63,"GARCH(1,1)",-0.593104258191544,0.07998183085320894,0.042002173645160124,2264
CVS,126,Ensemble,0.4348188458669954,0.04113188046819283,0.015762243961064546,2516
CVS,126,HAR-RV,-0.03961864361378864,0.052705863876402005,0.02521646983607226,2264
CVS,126,"GARCH(1,1)",-0.6498438527710657,0.0663962158201249,0.030935559069150763,2264
CRM,21,Ensemble,0.3494980750384401,0.07492319798336254,0.03279787851319219,2516
CRM,21,HAR-RV,0.19733029477341735,0.08558789144334424,0.046609951556036984,2264
CRM,21,"GARCH(1,1)",-1.558336947330499,0.1527997918640629,0.09854136820937215,2264
CRM,63,Ensemble,0.2948116177860659,0.06517067369042567,0.026819826449075223,2516
CRM,63,HAR-RV,0.11656539149999945,0.07628088701463782,0.038317962080508694,2264
CRM,63,"GARCH(1,1)",-2.5788927236781927,0.15353340106601168,0.10456367000657371,2264
CRM,126,Ensemble,0.4516759230511215,0.04865064646622851,0.01591779285545659,2516
CRM,126,HAR-RV,0.048484949850903125,0.06732308257310983,0.031406569168215194,2264
CRM,126,"GARCH(1,1)",-3.8141438761350646,0.15143131542857718,0.10065608752219636,2264
CVX,21,Ensemble,0.5045468814640417,0.06716685370317634,0.031077119485956706,2829
CVX,21,HAR-RV,0.40119690220041615,0.07616413162734569,0.038726443142180475,2577
CVX,21,"GARCH(1,1)",-0.12609514317896653,0.10444701154514718,0.057826470103367375,2577
CVX,63,Ensemble,0.2634027890512053,0.07438182164592061,0.043141025209716195,2829
CVX,63,HAR-RV,0.18278913425874488,0.0811923540050303,0.05542424383649582,2577
CVX,63,"GARCH(1,1)",-0.35883524329646854,0.10469633234885835,0.07124122477501725,2577
CVX,126,Ensemble,0.3004481031682895,0.06529665643040909,0.03632902207464492,2829
CVX,126,HAR-RV,0.08107091961686963,0.0780270841702961,0.05718193495575407,2577
CVX,126,"GARCH(1,1)",-0.418070526145387,0.0969289025153895,0.07345291508120692,2577
D,21,Ensemble,0.2735853423338874,0.06449189284088902,0.03389690091705941,2516
D,21,HAR-RV,0.22512336288437607,0.06936433743119903,0.04197260856171903,2264
D,21,"GARCH(1,1)",0.22552842477279011,0.06934620517569837,0.03950258498744999,2264
D,63,Ensemble,0.11686620115000568,0.06282310727591521,0.04143024111677945,2516
D,63,HAR-RV,0.014302492777143017,0.0693121403069975,2.471292890278691,2264
D,63,"GARCH(1,1)",0.06119157393613961,0.0676434843215182,0.048839891307625664,2264
D,126,Ensemble,0.2637404127010945,0.05066847782578124,0.027561074315423293,2516
D,126,HAR-RV,-0.1460159417247986,0.0660570803998778,15.016207424237674,2264
D,126,"GARCH(1,1)",-0.023600192220315064,0.06242940915253765,0.04646251794039754,2264
DIS,21,Ensemble,0.4009694080971732,0.06643333992667348,0.036719297637492196,2516
DIS,21,HAR-RV,0.331278088413824,0.07146893351115381,0.044879901368576995,2264
DIS,21,"GARCH(1,1)",-0.021636386172465105,0.08833701108863141,0.0594498631685567,2264
DIS,63,Ensemble,0.26576218219581094,0.0649512267452807,0.036571123194227485,2516
DIS,63,HAR-RV,0.1871723223981243,0.07004809103361713,0.04749754569425923,2264
DIS,63,"GARCH(1,1)",-0.09680903960454379,0.0813696734645034,0.05568936868166595,2264
DIS,126,Ensemble,0.3252590214876063,0.05654826074399441,0.029658210049354133,2516
DIS,126,HAR-RV,0.10912686856890641,0.06690548425491576,0.04521149704141264,2264
DIS,126,"GARCH(1,1)",-0.16699478655800704,0.0765752187154384,0.05367179534124795,2264
DOW,21,Ensemble,0.43469823391198403,0.09183354946856187,0.02943538120182802,2516
DOW,21,HAR-RV,0.3576641178539455,0.10183779068407448,0.03722203650217283,2264
DOW,21,"GARCH(1,1)",0.10563532205540971,0.12016699383916886,0.06272603448110667,2264
DOW,63,Ensemble,0.38311263279558616,0.0880920395392659,0.03284380769966185,2516
DOW,63,HAR-RV,0.18954478899301475,0.10511457034584999,0.05515581083014978,2264
DOW,63,"GARCH(1,1)",-0.16394915215169803,0.12596950248658348,0.082648700472076,2264
DOW,126,Ensemble,0.5108090935013363,0.07264563063790169,0.024732930864404614,2516
DOW,126,HAR-RV,0.07139958782927436,0.10476581129737023,0.05898455749960272,2264
DOW,126,"GARCH(1,1)",-0.2998300291653666,0.12395054122042394,0.0917861539875097,2264
DE,21,Ensemble,0.4758266150121826,0.0614692347329096,0.025180234377762914,2516
DE,21,HAR-RV,0.2649430581453943,0.07294063785749066,0.03821259637409931,2264
DE,21,"GARCH(1,1)",-0.1502624077441177,0.09124467496663828,0.05485819322403157,2264
DE,63,Ensemble,0.26146911974591713,0.06410538971145871,0.030271082383238144,2516
DE,63,HAR-RV,0.08348460787320788,0.07124686283336067,0.03862179515837197,2264
DE,63,"GARCH(1,1)",-0.33899474407242436,0.08611628785007934,0.05063472753393707,2264
DE,126,Ensemble,0.3483795813765671,0.053113567669058795,0.02211159703043129,2516
DE,126,HAR-RV,-0.0405177705506079,0.06662316923274196,0.037293652777376764,2264
DE,126,"GARCH(1,1)",-0.49276455867000446,0.07979876956104519,0.04536363253238742,2264
DUK,21,Ensemble,0.29071552330007144,0.056768235973577205,0.034347834170716234,2516
DUK,21,HAR-RV,0.21539588895745954,0.06229305494024913,0.03937358858110211,2264
DUK,21,"GARCH(1,1)",-0.029171978111300456,0.07134414153819457,0.038889397664875,2264
DUK,63,Ensemble,0.1743132796228477,0.05303973308045696,0.03206767940274692,2516
DUK,63,HAR-RV,0.06600472587502482,0.05899077641408913,0.04363860118953675,2264
DUK,63,"GARCH(1,1)",-0.2150580384745875,0.06728376484666282,0.046600785131965944,2264
DUK,126,Ensemble,0.25412373554565404,0.04374835684152131,0.024765783852035192,2516
DUK,126,HAR-RV,-0.07405805161346746,0.05503209329552929,0.057348967372475114,2264
DUK,126,"GARCH(1,1)",-0.2426077097372894,0.05919283995616373,0.043968983809247075,2264
EOG,21,Ensemble,0.48567375261467727,0.09492153187522104,0.02671954915776199,2516
EOG,21,HAR-RV,0.43476101230445385,0.10292280093353283,0.03217052502428278,2264
EOG,21,"GARCH(1,1)",0.0938507637116216,0.13031529934410596,0.04906168562012296,2264
EOG,63,Ensemble,0.31598409496955726,0.09959470872013661,0.03374100607105194,2516
EOG,63,HAR-RV,0.2610809565950455,0.10786383579060305,0.04073332852035255,2264
EOG,63,"GARCH(1,1)",-0.13966224598776478,0.13395703040744142,0.05916345213712899,2264
EOG,126,Ensemble,0.4192968736425339,0.08417834016904703,0.024837180293951693,2516
EOG,126,HAR-RV,0.17643492624278678,0.10511925306917382,0.04363069502738847,2264
EOG,126,"GARCH(1,1)",-0.2868947589409585,0.13140286131376658,0.06460933062272033,2264
EQIX,21,Ensemble,0.3149297209016291,0.061455152057418715,0.026267930855552776,2516
EQIX,21,HAR-RV,0.22147433566695396,0.0677671364889308,0.02992762936402778,2264
EQIX,21,"GARCH(1,1)",-0.19155086481298644,0.08383762387637755,0.042760114958824584,2264
EQIX,63,Ensemble,0.18122523594009865,0.0553837808567383,0.020346011437309037,2516
EQIX,63,HAR-RV,0.04996223243491793,0.06225152388561925,0.026793391638061752,2264
EQIX,63,"GARCH(1,1)",-0.5985626806058624,0.08075034507780797,0.042685796685904866,2264
EQIX,126,Ensemble,0.28181378310916627,0.04346666808459978,0.013464369269564467,2516
EQIX,126,HAR-RV,-0.0018038257148709214,0.053845792374034404,0.021761473910977137,2264
EQIX,126,"GARCH(1,1)",-0.9982901517309535,0.07604833382340576,0.039998420997925735,2264
F,21,Ensemble,0.4569326610356318,0.08986751735988695,0.03653594469952976,2516
F,21,HAR-RV,0.32551091968713475,0.10214300059486849,0.0483049463998335,2264
F,21,"GARCH(1,1)",0.18553377315988895,0.11224259280823654,0.05688165499494923,2264
F,63,Ensemble,0.2643369503108016,0.09190397166891064,0.045480393168387874,2516
F,63,HAR-RV,0.16447701850788932,0.09891871433834754,0.053901429918877,2264
F,63,"GARCH(1,1)",0.11540460437690891,0.1017821453057853,0.05394924343877423,2264
F,126,Ensemble,0.33482461233762406,0.07702206703822882,0.032933445600521354,2516
F,126,HAR-RV,0.07418021285186494,0.0926934718085985,0.05121647846543029,2264
F,126,"GARCH(1,1)",0.08258847962892701,0.0922715921219668,0.04773489272669034,2264
FCX,21,Ensemble,0.45082435382430397,0.12474599825948189,0.025070322629544853,2516
FCX,21,HAR-RV,0.41370825288035984,0.13124128954515324,0.031704506981847014,2264
FCX,21,"GARCH(1,1)",-0.38182710015583243,0.20148394768215394,0.05946166926001883,2264
FCX,63,Ensemble,0.3920425738517205,0.11883180079199772,0.028594760411305705,2516
FCX,63,HAR-RV,0.25334927783529226,0.13384049799364892,0.036645593592805795,2264
FCX,63,"GARCH(1,1)",-0.9386580479870561,0.21566486871039253,0.06687078623281577,2264
FCX,126,Ensemble,0.5660456615577675,0.09161073400066676,0.020372613009341414,2516
FCX,126,HAR-RV,0.15190628608393375,0.13031355475049552,0.03574355716754828,2264
FCX,126,"GARCH(1,1)",-1.5045783259451957,0.22394170411013742,0.07307126583382112,2264
FDX,21,Ensemble,0.47794959966965267,0.06299380361242382,0.02696183136148848,2829
FDX,21,HAR-RV,0.26149265643841646,0.07610554107285444,0.04258815148008777,2577
FDX,21,"GARCH(1,1)",-0.913380523568494,0.12250097442856864,0.08292461846172561,2577
FDX,63,Ensemble,0.4066314176850774,0.0598177304029776,0.025078580279602677,2829
FDX,63,HAR-RV,0.1863744105613504,0.07104177201697158,0.03878023369118785,2577
FDX,63,"GARCH(1,1)",-1.036740434010548,0.11240078094814736,0.07447739403514578,2577
FDX,126,Ensemble,0.515884020106262,0.049176331370003365,0.018657290695924384,2829
FDX,126,HAR-RV,0.1255759780055652,0.06751649496314625,0.03603875147151298,2577
FDX,126,"GARCH(1,1)",-1.1399614985936557,0.10562137775073789,0.07133614211318277,2577
GILD,21,Ensemble,0.41478479679345515,0.0633892919557098,0.02580830699234912,2516
GILD,21,HAR-RV,0.2658844868812751,0.07072052168148635,0.033261825695779,2264
GILD,21,"GARCH(1,1)",-0.541516963353047,0.10247959702488377,0.07352967055824651,2264
GILD,63,Ensemble,0.4019819217094084,0.0555826906714187,0.020920343486232753,2516
GILD,63,HAR-RV,-0.002694579790090579,0.06960891445924038,0.03566931442419211,2264
GILD,63,"GARCH(1,1)",-0.9737796543184289,0.09766295516513937,0.06856631256788676,2264
GILD,126,Ensemble,0.44827477713056574,0.04536408141424347,0.015548869562490478,2516
GILD,126,HAR-RV,-0.2134702900031864,0.06401769969311814,0.03287524034552769,2264
GILD,126,"GARCH(1,1)",-1.5142704273205072,0.09214918205111776,0.06307665562651543,2264
GE,21,Ensemble,0.4893009834163211,0.09209805918654451,0.04583271354985169,2829
GE,21,HAR-RV,0.335260442809754,0.10515823100264014,0.058097617594007944,2577
GE,21,"GARCH(1,1)",0.01615785640530698,0.1279323038640083,0.06746042770235477,2577
GE,63,Ensemble,0.2549001493018962,0.09912482192586707,0.044280290239470776,2829
GE,63,HAR-RV,0.22942652569084543,0.1001774232545506,0.06042422647683342,2577
GE,63,"GARCH(1,1)",-0.1692441442350392,0.12340007705868773,0.06270564940353424,2577
GE,126,Ensemble,0.38286938589062247,0.08123026770765406,0.023104273379478877,2829
GE,126,HAR-RV,0.19254191637796492,0.09315831167222989,0.04723915679290322,2577
GE,126,"GARCH(1,1)",-0.30725774809771766,0.11853380563886234,0.06015028026933165,2577
GOOGL,21,Ensemble,0.2780784103937204,0.0595684821053109,0.029838150588291944,2013
GOOGL,21,HAR-RV,0.16108159828794122,0.06533597197683598,0.034533476816387354,1761
GOOGL,21,"GARCH(1,1)",-0.522527687146636,0.08801872949014741,0.05511222817293189,1761
GOOGL,63,Ensemble,-0.08468308245076894,0.05970379942202159,0.041176180946562495,2013
GOOGL,63,HAR-RV,0.0065646901006300995,0.0581791787898072,0.031069055860607663,1761
GOOGL,63,"GARCH(1,1)",-0.6136104986289195,0.0741476081526595,0.0440310476694709,1761
GOOGL,126,Ensemble,-0.030105456006603637,0.045237263719324405,0.020813125072732665,2013
GOOGL,126,HAR-RV,-0.18181130310241933,0.050827762308647516,0.06725300054247099,1761
GOOGL,126,"GARCH(1,1)",-0.8297219295790976,0.06324401998694805,0.03279084503660205,1761
GM,21,Ensemble,0.37329277927349647,0.09352224778143212,0.03492383620287387,2516
GM,21,HAR-RV,0.3088007761917738,0.1002166026215211,0.04213270055895191,2264
GM,21,"GARCH(1,1)",0.02740192407140496,0.1188788945832314,0.05384803119528166,2264
GM,63,Ensemble,0.21571421090857779,0.09260053367781362,0.039816998933164614,2516
GM,63,HAR-RV,0.12664772411850378,0.09977878810281943,0.04718360988049965,2264
GM,63,"GARCH(1,1)",-0.08237363895190941,0.11107903543915691,0.05272986133240649,2264
GM,126,Ensemble,0.34766210719260127,0.07517012228069168,0.027047385608251033,2516
GM,126,HAR-RV,0.08315291871923192,0.09138116293587903,0.043107293199864685,2264
GM,126,"GARCH(1,1)",-0.08275991705740227,0.09930573093579832,0.046461246469245265,2264
GS,21,Ensemble,0.3030731183682822,0.06734289539348234,0.030279268378584193,2516
GS,21,HAR-RV,0.17854693732161409,0.07390859129091354,0.036724568878405764,2264
GS,21,"GARCH(1,1)",-0.5341287084580091,0.10100304027037516,0.05202987190508777,2264
GS,63,Ensemble,0.17707108839337382,0.062828271523927,0.027959268982048903,2516
GS,63,HAR-RV,0.00604692461570322,0.06950725589825596,0.036677883240433175,2264
GS,63,"GARCH(1,1)",-0.7640479949963948,0.09259816933141758,0.05020757788439043,2264
GS,126,Ensemble,0.4205666466757283,0.04497174745470355,0.014848347791749615,2516
GS,126,HAR-RV,-0.13374638295497498,0.06307743533743104,0.033021896711311574,2264
GS,126,"GARCH(1,1)",-0.8918338402080797,0.08148122781445971,0.04359803181435352,2264
HD,21,Ensemble,0.28121776987084135,0.07683107505876423,0.044574109435808175,2516
HD,21,HAR-RV,0.19542217984860777,0.08482952748147839,0.06063340401621502,2264
HD,21,"GARCH(1,1)",0.10962108318872676,0.08923812850652782,0.06157255597824692,2264
HD,63,Ensemble,0.16426601116034745,0.07076639728488206,0.04570891781757806,2516
HD,63,HAR-RV,0.03502925440902693,0.07722012898142434,0.058229398433383275,2264
HD,63,"GARCH(1,1)",0.011817064604479288,0.07814336773073058,0.057537982573143596,2264
HD,126,Ensemble,0.20403402495002132,0.05818478666376117,0.033677425025817616,2516
HD,126,HAR-RV,-0.011336402112739563,0.0666092800299847,0.04693814940558756,2264
HD,126,"GARCH(1,1)",-0.046984619050544296,0.06777305621138041,0.04776864528807804,2264
HON,21,Ensemble,0.3393480962830626,0.06901036267371655,0.03981662935651142,2516
HON,21,HAR-RV,0.2643054272156349,0.0755648753731376,0.050099085155701197,2264
HON,21,"GARCH(1,1)",-0.001567040994893354,0.08816804409320594,0.0622800899421375,2264
HON,63,Ensemble,0.24360391205595766,0.06551586412532992,0.03881200406693098,2516
HON,63,HAR-RV,0.11073342856450319,0.07372627809923891,0.056387121099021206,2264
HON,63,"GARCH(1,1)",-0.15327657764127656,0.08396012230272248,0.068188086018833,2264
HON,126,Ensemble,0.4026473037628211,0.05181364345042937,0.026181214547368246,2516
HON,126,HAR-RV,0.05363878984106296,0.06789309098320338,0.05089636134845132,2264
HON,126,"GARCH(1,1)",-0.22093023622958552,0.07711565299613006,0.06449669312436483,2264
IBM,21,Ensemble,0.3333195871614132,0.05302058397158265,0.030429313948574423,2516
IBM,21,HAR-RV,0.2527961939901118,0.05812741795638639,0.03883982620607963,2264
IBM,21,"GARCH(1,1)",-0.19362988231624811,0.07346768166539176,0.06566916825538517,2264
IBM,63,Ensemble,0.12815897241492125,0.052372746770204884,0.032947255511403616,2516
IBM,63,HAR-RV,0.07127721558125333,0.056215482446063184,0.040489186091000544,2264
IBM,63,"GARCH(1,1)",-0.3107934813296751,0.06678516887958125,0.0558693366645884,2264
IBM,126,Ensemble,0.3753451972990196,0.037874988307453734,0.01734435483594256,2516
IBM,126,HAR-RV,0.0033906174478021134,0.049893854931399514,0.0339948992516658,2264
IBM,126,"GARCH(1,1)",-0.4107603032012488,0.059362364269913294,0.04588412057209422,2264
JNJ,21,Ensemble,0.19882318225608842,0.05537977645681713,0.042286842033720545,2516
JNJ,21,HAR-RV,0.12973880511738867,0.05955328014286959,0.05157307954789694,2264
JNJ,21,"GARCH(1,1)",-0.04953290732669302,0.0654001745982336,0.051666735471431524,2264
JNJ,63,Ensemble,0.13037474036241958,0.04773267975828699,0.03522954930670149,2516
JNJ,63,HAR-RV,-0.05673106773304459,0.05332429965111458,0.04673176230912572,2264
JNJ,63,"GARCH(1,1)",-0.1636667259209048,0.05595736175496732,0.045522215630495466,2264
JNJ,126,Ensemble,0.37972892771572997,0.03353877236353893,0.019069807068820673,2516
JNJ,126,HAR-RV,-0.023903419439365026,0.043821402128016745,0.03325828947085569,2264
JNJ,126,"GARCH(1,1)",-0.09542948947904173,0.04532616617976225,0.03379298927813261,2264
INTC,21,Ensemble,0.371368013069342,0.06784390480180122,0.02966599034352554,2516
INTC,21,HAR-RV,0.25971383475417265,0.07558928031459275,0.03372651918673189,2264
INTC,21,"GARCH(1,1)",-0.27392105335116645,0.09915888880940799,0.0532537509193983,2264
INTC,63,Ensemble,0.293969023876993,0.06324072722719488,0.02790956194896026,2516
INTC,63,HAR-RV,0.12924144590613207,0.07338352044431079,0.03918866060788118,2264
INTC,63,"GARCH(1,1)",-0.2239833963954898,0.08700364164497455,0.047080065705005586,2264
INTC,126,Ensemble,0.4223539323053004,0.051749690459567586,0.01989856494351351,2516
INTC,126,HAR-RV,0.055709249308408815,0.06932683955425008,0.037922177994004234,2264
INTC,126,"GARCH(1,1)",-0.040064061621056135,0.0727576359225451,0.03715692329042261,2264
LIN,21,Ensemble,0.9400777110664453,0.06957596300367089,0.030779106518042113,2183
LIN,21,HAR-RV,0.19462239654697766,0.05878210711622116,0.03960371233711922,1706
LIN,21,"GARCH(1,1)",-3.1739193654738918,0.1345157455113525,0.12127864658572432,1731
LIN,63,Ensemble,0.9235290533660729,0.07597699152088679,0.03360411231118107,2183
LIN,63,HAR-RV,-0.14258731206911035,0.05922297451772462,6.187755547146826,1706
LIN,63,"GARCH(1,1)",-9.022009720145567,0.17445715676584223,0.1780859590394221,1731
LIN,126,Ensemble,0.932821270682735,0.0678768951980469,0.0289087145181165,2183
LIN,126,HAR-RV,-0.27529232181631347,0.05245871675604185,15.013432098845705,1706
LIN,126,"GARCH(1,1)",-21.32322552624054,0.21792173442302376,0.23016834490036464,1731
JPM,21,Ensemble,0.2950428311100215,0.07463063158049102,0.04264941526782965,2829
JPM,21,HAR-RV,0.15096240835354668,0.0842452268651991,0.057342584918461094,2577
JPM,21,"GARCH(1,1)",-0.3319582520907405,0.10551814576847265,0.07605181931407162,2577
JPM,63,Ensemble,0.22166265269298302,0.06659176139116679,0.03581030198342915,2829
JPM,63,HAR-RV,-0.01954858723090558,0.07674297350182242,0.058511970211746166,2577
JPM,63,"GARCH(1,1)",-0.514792620193107,0.09354299035601629,0.06956365474382321,2577
JPM,126,Ensemble,0.2743349440642192,0.054461647286299826,0.025688976818695905,2829
JPM,126,HAR-RV,-0.11559910438178522,0.06831281968953815,0.09367726329045716,2577
JPM,126,"GARCH(1,1)",-0.693601889165399,0.08416931601119913,0.06091876243552563,2577
KO,21,Ensemble,0.2754513724523261,0.05226662842407873,0.03518095889723005,2829
KO,21,HAR-RV,0.26823255096253495,0.054437355900234435,0.0443864779795708,2577
KO,21,"GARCH(1,1)",0.09275053543313572,0.06061412489823295,0.052402311543563146,2577
KO,63,Ensemble,0.1466880876974792,0.05043505669911019,0.03677569627618417,2829
KO,63,HAR-RV,0.09091069222323833,0.05408908921195155,0.04636121404607025,2577
KO,63,"GARCH(1,1)",0.0052401770520648094,0.0565803346516524,0.050146399598178286,2577
KO,126,Ensemble,0.32967604345907675,0.039778890394532716,0.024402348523300414,2829
KO,126,HAR-RV,0.029571565292089708,0.04992872439157223,0.04315166499102561,2577
KO,126,"GARCH(1,1)",-0.052224399192364324,0.051990368772321334,0.04649565448237372,2577
LLY,21,Ensemble,0.3246744365174178,0.06434156784501824,0.03044059333951637,2829
LLY,21,HAR-RV,0.06452282078024385,0.0765002699510154,0.044883665274249064,2577
LLY,21,"GARCH(1,1)",-0.2689158861674805,0.08909693951182049,0.04695649401198162,2577
LLY,63,Ensemble,0.2793001302534015,0.05412695014068411,0.024499072280657168,2829
LLY,63,HAR-RV,0.0030537183379495403,0.06402555151401754,0.035228475950890244,2577
LLY,63,"GARCH(1,1)",-0.16879253534917193,0.06932440708198215,0.03355931313133348,2577
LLY,126,Ensemble,0.39516649551101735,0.042826564749819745,0.016759297200066317,2829
LLY,126,HAR-RV,0.007191859703707393,0.05530264029729045,0.027465554286499647,2577
LLY,126,"GARCH(1,1)",-0.01784454435931826,0.05599560329363573,0.024660928732691607,2577
META,21,Ensemble,0.46581973100078666,0.07609153953017873,0.02734411490965356,190
META,63,Ensemble,0.23415335130858816,0.07283829871495803,0.03324399856932963,190
META,126,Ensemble,0.3813527823024485,0.031378167961124075,0.006961935829571679,190
LOW,21,Ensemble,0.3575189450839935,0.07181571764144391,0.03013642657515665,2829
LOW,21,HAR-RV,0.1869716017366081,0.08308087557773053,0.04456474752897406,2577
LOW,21,"GARCH(1,1)",-0.024279245447063502,0.09325183651639142,0.05720643250434869,2577
LOW,63,Ensemble,0.2136882538720528,0.06848993832077241,0.028982987297816048,2829
LOW,63,HAR-RV,7.654576796745083e-06,0.0792207429044917,0.04508787237635251,2577
LOW,63,"GARCH(1,1)",-0.14970968092244763,0.08494438317617363,0.05052611878337657,2577
LOW,126,Ensemble,0.4012011876882058,0.05142803864363191,0.018407377115093812,2829
LOW,126,HAR-RV,-0.08921693118118212,0.07098552084857283,0.04075140324487576,2577
LOW,126,"GARCH(1,1)",-0.20004770441737096,0.07450953220245714,0.041395632025892165,2577
LMT,21,Ensemble,0.3445236437932401,0.05907481648699848,0.03799273868813532,2829
LMT,21,HAR-RV,0.18317715031770898,0.06762473588956648,0.052419135022783926,2577
LMT,21,"GARCH(1,1)",0.08661373625578017,0.07151034625628776,0.051948404474093886,2577
LMT,63,Ensemble,0.25631578747927175,0.053399864888156796,0.03264133589406523,2829
LMT,63,HAR-RV,0.05103491740026023,0.06212970761356088,0.04499438765649287,2577
LMT,63,"GARCH(1,1)",0.006879632148835801,0.06355871933377918,0.044845846666795024,2577
LMT,126,Ensemble,0.2588284110601857,0.046607769013446626,0.02641599893623684,2829
LMT,126,HAR-RV,0.005565421617369504,0.05574068751873677,0.040034513104270655,2577
LMT,126,"GARCH(1,1)",-0.020815621843985,0.056475211536587494,0.03983525842205709,2577
MCD,21,Ensemble,0.20879844483534116,0.06559034950389546,0.040817194114446266,2829
MCD,21,HAR-RV,0.1404657022387651,0.07075957545488229,0.053073201183323905,2577
MCD,21,"GARCH(1,1)",0.13146560852679745,0.07112906879817131,0.05280244914655348,2577
MCD,63,Ensemble,0.11623799839246562,0.06050915521654598,0.040050920961090496,2829
MCD,63,HAR-RV,0.005549789186585663,0.06674142562463584,0.053100014305553986,2577
MCD,63,"GARCH(1,1)",0.04183805805809526,0.06551238576456135,0.04941125364825159,2577
MCD,126,Ensemble,0.1934021896963929,0.05077850694014151,0.032123913462404896,2829
MCD,126,HAR-RV,0.014007807201074085,0.058662364611221776,0.04475945479898659,2577
MCD,126,"GARCH(1,1)",0.01934950810973346,0.0585032445026559,0.04416042669725992,2577
MMM,21,Ensemble,0.43645147310055565,0.0528387614145769,0.031117313029623825,2829
MMM,21,HAR-RV,0.13574529296165583,0.0657992842305887,0.050839376577981224,2577
MMM,21,"GARCH(1,1)",-0.6345494448139606,0.09048973654648904,0.06072367576016576,2577
MMM,63,Ensemble,0.5179338988138226,0.042305242789882215,0.020288579894193737,2829
MMM,63,HAR-RV,0.062130902395944654,0.05949608977144908,0.044997245347787894,2577
MMM,63,"GARCH(1,1)",-0.643113791913323,0.07875010311940397,0.05014512731549671,2577
MMM,126,Ensemble,0.66238528492395,0.03208272253778943,0.013285478939643403,2829
MMM,126,HAR-RV,0.0017105838660697037,0.055363634197945245,0.040478740302677604,2577
MMM,126,"GARCH(1,1)",-0.5682201335000461,0.0693904764919168,0.04275662954832625,2577
MPC,21,Ensemble,0.37366067384275925,0.12140020376963764,0.031218389983488422,2705
MPC,21,HAR-RV,0.4065086496448491,0.12299943720392038,0.0368134470847804,2453
MPC,21,"GARCH(1,1)",0.2603617941851014,0.13731108396360073,0.0429253423820266,2453
MPC,63,Ensemble,0.2816261194080907,0.11904101498348983,0.03502147549720589,2705
MPC,63,HAR-RV,0.22133697024177157,0.12808102204642172,0.04484423880438434,2453
MPC,63,"GARCH(1,1)",0.02105351740957717,0.14361158716786704,0.052687820518981424,2453
MPC,126,Ensemble,0.39037261428986136,0.09997863639949824,0.02831366259766765,2705
MPC,126,HAR-RV,0.11447733960122264,0.12459632116978359,0.04646016813214518,2453
MPC,126,"GARCH(1,1)",-0.0883807830677894,0.1381324810706593,0.05566203494094055,2453
MO,21,Ensemble,0.2974608613747841,0.0712858899494637,0.046638283049596975,2829
MO,21,HAR-RV,0.1249835854162189,0.08199187829875193,0.062253251481603385,2577
MO,21,"GARCH(1,1)",0.05869737318716972,0.08504080660150101,0.06391038631960784,2577
MO,63,Ensemble,0.3125109369026259,0.059045417967118805,0.0332631062613055,2829
MO,63,HAR-RV,0.02624768061514504,0.07209218898123543,0.05248742106458351,2577
MO,63,"GARCH(1,1)",-0.07598594683573512,0.0757822088235165,0.0568639072003297,2577
MO,126,Ensemble,0.4461302660671733,0.045210641463645625,0.020702980216487116,2829
MO,126,HAR-RV,-0.010600990317672032,0.06256344180195937,0.04120398373243249,2577
MO,126,"GARCH(1,1)",-0.13614223790950342,0.06633567087658877,0.04791669220546516,2577
MRK,21,Ensemble,0.22406021235032114,0.06014273816299896,0.03432355442794605,2829
MRK,21,HAR-RV,0.07382973618788269,0.0676485505445847,0.0467847143543142,2577
MRK,21,"GARCH(1,1)",0.017209682992413655,0.06968567539804539,0.04802211406295221,2577
MRK,63,Ensemble,0.12583287313168023,0.05317564949189943,0.030899818053254934,2829
MRK,63,HAR-RV,-0.004289931609956055,0.05723655577736365,0.03698787323042042,2577
MRK,63,"GARCH(1,1)",0.010179615049846769,0.056822735151990746,0.03601677160958498,2577
MRK,126,Ensemble,0.3484320918797339,0.03845789292014058,0.017609196350707384,2829
MRK,126,HAR-RV,-0.031187957509346553,0.048422258816973575,0.0284512545853884,2577
MRK,126,"GARCH(1,1)",0.022497895871348428,0.04714492822163139,0.02663720827568543,2577
MS,21,Ensemble,0.2721481822135926,0.07855594263844842,0.03226265881751896,2829
MS,21,HAR-RV,0.1559143325708504,0.08651693248213807,0.041840193102288446,2577
MS,21,"GARCH(1,1)",-0.6424702684815167,0.12068592077440733,0.0636916775179939,2577
MS,63,Ensemble,0.20769953637252225,0.0697049975294395,0.026354519866980917,2829
MS,63,HAR-RV,0.003938074965621485,0.07975083227688953,0.03912250310212609,2577
MS,63,"GARCH(1,1)",-1.1334364206798018,0.11671640620359082,0.06516360832772011,2577
MS,126,Ensemble,0.33756800308040036,0.05321285363195946,0.017198827269356554,2829
MS,126,HAR-RV,-0.0799162852647406,0.06917992933546112,0.03158321854260427,2577
MS,126,"GARCH(1,1)",-1.6967524489472536,0.10932150697973624,0.06121036058017127,2577
MSFT,21,Ensemble,0.28091797491683423,0.06357402662788908,0.03722805122882652,2829
MSFT,21,HAR-RV,0.2261932245350684,0.06830349990403027,0.042957916603565106,2577
MSFT,21,"GARCH(1,1)",-0.2671969879374214,0.08740751223074154,0.07410559450375644,2577
MSFT,63,Ensemble,0.21685550485007565,0.056357488431730086,0.03171380361267066,2829
MSFT,63,HAR-RV,0.09718027169660792,0.06287280015611171,0.04138550852411778,2577
MSFT,63,"GARCH(1,1)",-0.48627366264824734,0.08066992878567335,0.06509483135613474,2577
MSFT,126,Ensemble,0.27881280666815433,0.04541702259104187,0.021611219276209567,2829
MSFT,126,HAR-RV,0.03413923525908602,0.05466386563825105,0.03283167634518622,2577
MSFT,126,"GARCH(1,1)",-0.6992721315499191,0.0725060999650009,0.0529372886971112,2577
NEE,21,Ensemble,0.22823311459133055,0.07558627488261627,0.03806308598710656,2829
NEE,21,HAR-RV,0.16999691150213725,0.08117669934744574,0.05388350254202939,2577
NEE,21,"GARCH(1,1)",0.02714722123673896,0.08788506869572607,0.048371417647073395,2577
NEE,63,Ensemble,0.19808052562447342,0.06776694023277734,0.0384382338414868,2829
NEE,63,HAR-RV,0.044707521921436566,0.07662631744119869,0.053969469136909566,2577
NEE,63,"GARCH(1,1)",-0.1172233427676046,0.08286664879247155,0.055538638735016625,2577
NEE,126,Ensemble,0.20949561351829837,0.05979193381566245,0.034223928894252076,2829
NEE,126,HAR-RV,-0.002336058379913908,0.06957793512082178,0.04852049576892542,2577
NEE,126,"GARCH(1,1)",-0.13292371979327666,0.07397163085597398,0.05277607591456497,2577
MU,21,Ensemble,0.3261974478553552,0.08390458390725103,0.021087769989545316,2829
MU,21,HAR-RV,0.1524734431052065,0.09576165151312392,0.02757893718143182,2577
MU,21,"GARCH(1,1)",-0.8513343671573976,0.14153289861736176,0.05641225073087856,2577
MU,63,Ensemble,0.28174856250836444,0.07248150835630164,0.017462288460364385,2829
MU,63,HAR-RV,0.04881018773231105,0.08463840886578565,0.02440248877919581,2577
MU,63,"GARCH(1,1)",-1.2890407904003802,0.13129877107830645,0.05021485122072308,2577
MU,126,Ensemble,0.5141839748590828,0.04941108573901184,0.008459736828928074,2829
MU,126,HAR-RV,-0.026536910258411428,0.07229095757350704,0.018549493746693704,2577
MU,126,"GARCH(1,1)",-1.8759016217104754,0.12099953618560015,0.04242541234439584,2577
NEM,21,Ensemble,0.3641631173326506,0.08698745554919979,0.026900048720060386,2829
NEM,21,HAR-RV,0.24668253262658058,0.09762097492655343,0.03625500227600175,2577
NEM,21,"GARCH(1,1)",-0.20006670306779784,0.12321308023974954,0.05594559963207234,2577
NEM,63,Ensemble,0.27093848264748566,0.08103580349627112,0.027046719264649056,2829
NEM,63,HAR-RV,0.1190813673029919,0.09197497489747634,0.03835767471268506,2577
NEM,63,"GARCH(1,1)",-0.49977371080892974,0.1200092297368838,0.059597861077480344,2577
NEM,126,Ensemble,0.4382193920430304,0.06216807630936252,0.017027839983271564,2829
NEM,126,HAR-RV,0.0037678654343358264,0.08545852170347662,0.03551436542612453,2577
NEM,126,"GARCH(1,1)",-0.8413500503188511,0.1161831860524899,0.05755292096631212,2577
NKE,21,Ensemble,0.24168494963429243,0.0759674200439191,0.036203507770959674,2829
NKE,21,HAR-RV,0.05513853439295768,0.08652687403047288,0.051098853152112614,2577
NKE,21,"GARCH(1,1)",-0.24533386573147253,0.09933672658085083,0.06559135385640126,2577
NKE,63,Ensemble,0.24001848738564602,0.06514724226127148,0.029846408758540922,2829
NKE,63,HAR-RV,-0.07146434401679236,0.07848962001174845,0.049955201163874356,2577
NKE,63,"GARCH(1,1)",-0.2668712289122035,0.08534726364461818,0.0542989674700638,2577
NKE,126,Ensemble,0.3200217017329753,0.05295519342851842,0.022351609200945276,2829
NKE,126,HAR-RV,-0.10456324470755995,0.0683858622225235,0.04221081758096019,2577
NKE,126,"GARCH(1,1)",-0.3003722214164095,0.07420016566464042,0.04418558424484131,2577
NFLX,21,Ensemble,0.4411006554886483,0.08472640524560382,0.03014055862919752,2829
NFLX,21,HAR-RV,0.25243290204249624,0.10023620096973171,0.0408608577847636,2577
NFLX,21,"GARCH(1,1)",-3.371820438460934,0.24239891234428848,0.1492071061169857,2577
NFLX,63,Ensemble,0.41527670905297087,0.07503273882173686,0.024175161361198214,2829
NFLX,63,HAR-RV,0.19256881422501837,0.08853860507827525,0.03451197489381687,2577
NFLX,63,"GARCH(1,1)",-5.00577414519095,0.24147068478102746,0.14213030543372268,2577
NFLX,126,Ensemble,0.44422353617020705,0.06383649525446117,0.018389861349977783,2829
NFLX,126,HAR-RV,0.13384479568595864,0.07891116928104863,0.027898521066443485,2577
NFLX,126,"GARCH(1,1)",-7.3122295122550796,0.24445525755270492,0.1415803657892938,2577
NOC,21,Ensemble,0.40237246775430924,0.05748384564439874,0.029987589169473906,2829
NOC,21,HAR-RV,0.1899504449022581,0.06862753052640239,0.04342183676807937,2577
NOC,21,"GARCH(1,1)",-0.008171730754944484,0.076561394569114,0.04435075165510449,2577
NOC,63,Ensemble,0.3508058742006127,0.05127564273999153,0.02469476276904442,2829
NOC,63,HAR-RV,0.09515565062804832,0.0624555065360679,0.0382070497858876,2577
NOC,63,"GARCH(1,1)",-0.07227287185722742,0.06798865582193324,0.03764858806107431,2577
NOC,126,Ensemble,0.4416238787267929,0.04175953168518118,0.017607207374448187,2829
NOC,126,HAR-RV,0.015358403098894469,0.05717899747527479,0.03473235909417407,2577
NOC,126,"GARCH(1,1)",-0.11864411825180277,0.06094574901727516,0.03454283952682884,2577
ORCL,21,Ensemble,0.42016599629060924,0.06380122528262308,0.03363364350911974,2829
ORCL,21,HAR-RV,0.08576831895977655,0.08255246019560117,0.05990782032297193,2577
ORCL,21,"GARCH(1,1)",-0.35601256957435923,0.1005388109540164,0.0807309199679793,2577
ORCL,63,Ensemble,0.41822356188842325,0.056296126040472336,0.027435141924075333,2829
ORCL,63,HAR-RV,0.04747001466573775,0.07439954837956227,0.05105306639255705,2577
ORCL,63,"GARCH(1,1)",-0.3305098357932674,0.08793059582881703,0.06850306428438935,2577
ORCL,126,Ensemble,0.5916462482112977,0.044396426106145005,0.018053592231652926,2829
ORCL,126,HAR-RV,0.046474577253509564,0.069928331264706,0.04623889644147006,2577
ORCL,126,"GARCH(1,1)",-0.2905221496277399,0.08135228535809033,0.06039019491454706,2577
NVDA,21,Ensemble,0.39590026724772254,0.09328751984551842,0.03064211779943347,2829
NVDA,21,HAR-RV,0.1967223859348124,0.10696715766778284,0.03989053427013783,2577
NVDA,21,"GARCH(1,1)",-0.37937694452138504,0.140171301300237,0.055493517865800264,2577
NVDA,63,Ensemble,0.41889213070624687,0.07682047727656555,0.021076474676127693,2829
NVDA,63,HAR-RV,0.01987459061569652,0.09755085862843191,0.035639859732991615,2577
NVDA,63,"GARCH(1,1)",-0.4617887382271977,0.11913313709376527,0.04346612114026576,2577
NVDA,126,Ensemble,0.5397573665816493,0.056587666304777226,0.011979620896113694,2829
NVDA,126,HAR-RV,-0.07636108558623045,0.08229250787220131,0.025809883037618903,2577
NVDA,126,"GARCH(1,1)",-0.5535761838158018,0.09886614060865045,0.02988616598789215,2577
PEP,21,Ensemble,0.2224720999621268,0.06345906017535743,0.04464299447967479,2829
PEP,21,HAR-RV,0.11323211034242708,0.07008815872868993,0.06342596170643401,2577
PEP,21,"GARCH(1,1)",0.1579151934596551,0.06829950990309512,0.05583707595026823,2577
PEP,63,Ensemble,0.1716261945048172,0.056467070927258924,0.04231368628754551,2829
PEP,63,HAR-RV,0.008267031215707377,0.0614299478292988,0.05536745104127125,2577
PEP,63,"GARCH(1,1)",0.04280638514880486,0.060350749422706636,0.05158066317716523,2577
PEP,126,Ensemble,0.22619811457046157,0.046937769470954106,0.03218563847824406,2829
PEP,126,HAR-RV,-0.06438924684976577,0.054562056355160975,0.048419954770872776,2577
PEP,126,"GARCH(1,1)",-0.010814527906069848,0.05317117139561888,0.04497993258518317,2577
OXY,21,Ensemble,0.47335211613505734,0.1621415109853016,0.0462564347536154,2829
OXY,21,HAR-RV,0.424446354299146,0.1752832001595519,0.06089221444750489,2577
OXY,21,"GARCH(1,1)",0.20559873068151358,0.2059289256213127,0.0654084724523762,2577
OXY,63,Ensemble,0.3697126815312314,0.16807636204526433,0.06630603032737369,2829
OXY,63,HAR-RV,0.2598692609361304,0.1885228648973987,0.08744499267726336,2577
OXY,63,"GARCH(1,1)",-0.03487771736712886,0.22292271722036391,0.09558224704388091,2577
OXY,126,Ensemble,0.5345182562843931,0.13678496976749754,0.04025519214307559,2829
OXY,126,HAR-RV,0.044462338552595515,0.2028631539965588,0.09672492057674861,2577
OXY,126,"GARCH(1,1)",-0.20147757538773536,0.22747679652374353,0.11583633741155949,2577
PFE,21,Ensemble,0.33224600458499287,0.055716619711001565,0.03255436908813454,2829
PFE,21,HAR-RV,0.19533965941627118,0.06218867105701372,0.04097908722444723,2577
PFE,21,"GARCH(1,1)",0.08545204763979342,0.06629918942381173,0.042457459777450156,2577
PFE,63,Ensemble,0.2367476079641222,0.049261664951358704,0.028384985555001484,2829
PFE,63,HAR-RV,0.047772571850829615,0.05533015629455252,0.037863789718223906,2577
PFE,63,"GARCH(1,1)",0.08896468002703484,0.054120171085314604,0.03275952996719566,2577
PFE,126,Ensemble,0.3345471795939968,0.0378122745565327,0.01680859968018409,2829
PFE,126,HAR-RV,0.0036838800291786322,0.046997285592819564,0.027835967805574107,2577
PFE,126,"GARCH(1,1)",0.12168072107835326,0.04412659375946008,0.02319833654234517,2577
PG,21,Ensemble,0.27362378403013954,0.054321520098645805,0.035510368403424065,2829
PG,21,HAR-RV,0.2505240775104727,0.05688421336285873,0.043709462902336425,2577
PG,21,"GARCH(1,1)",0.2601035461259913,0.0565195098608047,0.04214419477918852,2577
PG,63,Ensemble,0.264234219722572,0.048241740863545074,0.028874552257826532,2829
PG,63,HAR-RV,0.040095537921633895,0.056712950955898796,0.04628875570858275,2577
PG,63,"GARCH(1,1)",0.08763050644565729,0.055290894767232174,0.04228919885137433,2577
PG,126,Ensemble,0.3229746561313338,0.04066761220467212,0.02250282882053957,2829
PG,126,HAR-RV,0.009134799295881013,0.05084506335230672,0.04084838324731744,2577
PG,126,"GARCH(1,1)",0.04558414458604254,0.04990112393500614,0.03812936613617062,2577
PLD,21,Ensemble,0.35206243137322213,0.06763483909024691,0.02779794557427952,2829
PLD,21,HAR-RV,0.264283901270273,0.07352746982509446,0.037561204924901774,2577
PLD,21,"GARCH(1,1)",0.09306070702287883,0.08163635413929973,0.039312671730667825,2577
PLD,63,Ensemble,0.23600878942465198,0.06400717435547308,0.027551774308042745,2829
PLD,63,HAR-RV,0.06556394307164704,0.07196874728831387,0.040637259056072884,2577
PLD,63,"GARCH(1,1)",-0.0822850556993111,0.07745330961001816,0.04186435218333723,2577
PLD,126,Ensemble,0.3753369390552179,0.05055774467066479,0.018684934594492993,2829
PLD,126,HAR-RV,-0.030570053939847464,0.06567307599011603,0.036999954273944306,2577
PLD,126,"GARCH(1,1)",-0.13693036893558652,0.0689787837449214,0.037960566863945305,2577
RTX,21,Ensemble,0.16362038156407865,0.0381458671138377,0.01861288539371589,502
RTX,21,HAR-RV,-0.27781018714866224,0.05313888626862005,0.03287938370066274,250
RTX,21,"GARCH(1,1)",-0.17696517721358984,0.05099893202321514,0.02790055481736265,250
RTX,63,Ensemble,0.34372636971031256,0.025037553068946637,0.008065737919238982,502
RTX,63,HAR-RV,-0.6622730666097114,0.042120185095082786,0.022259936983807856,250
RTX,63,"GARCH(1,1)",-0.33320258942441594,0.03772134426462127,0.01568970508898752,250
RTX,126,Ensemble,0.579751408456904,0.016585929125995044,0.0036232122555685167,502
RTX,126,HAR-RV,-3.4127915246984433,0.03614101144731603,0.01753526094965846,250
RTX,126,"GARCH(1,1)",-0.6450092681311455,0.02206621127233197,0.00527271020737323,250
PM,21,Ensemble,0.32709068120566065,0.062492682418721614,0.03051787372888774,2829
PM,21,HAR-RV,0.168395572957852,0.07116227503909263,0.0453252904945614,2577
PM,21,"GARCH(1,1)",0.009618839990125028,0.07765914640984352,0.04803097262101891,2577
PM,63,Ensemble,0.2706160055233088,0.057349300389351696,0.027253244827952307,2829
PM,63,HAR-RV,0.014504950500077718,0.06788950233970183,0.04618807804459407,2577
PM,63,"GARCH(1,1)",-0.032160515986141336,0.06947827422491644,0.04254220550765256,2577
PM,126,Ensemble,0.352739137068247,0.04817250174826824,0.01965167042573129,2829
PM,126,HAR-RV,-0.06313909320211164,0.062495241183914425,0.041561590443377074,2577
PM,126,"GARCH(1,1)",-0.042089562069496544,0.061873463509426935,0.03817519049733269,2577
PSX,21,Ensemble,0.3100606740502543,0.10695573018846274,0.036437016189424916,2496
PSX,21,HAR-RV,0.1596711348212213,0.1221150900002545,0.04296101277725162,2244
PSX,21,"GARCH(1,1)",0.06531874710616437,0.12878831436823393,0.04624819318540847,2244
PSX,63,Ensemble,0.36362035655177993,0.09391756382013614,0.03830873539781445,2496
PSX,63,HAR-RV,0.1332291372372134,0.11313146096718989,0.05954830271106763,2244
PSX,63,"GARCH(1,1)",-0.1493505903631991,0.1302739271684493,0.06289516230267028,2244
PSX,126,Ensemble,0.37620611061473086,0.08445282852766291,0.03347281762360956,2496
PSX,126,HAR-RV,0.05217293971833625,0.10609420992416078,0.06255667579910981,2244
PSX,126,"GARCH(1,1)",-0.2654467223355472,0.12258831167505682,0.0673300828854534,2244
QCOM,21,Ensemble,0.33510288232436125,0.07855676317471083,0.03543391090168022,2829
QCOM,21,HAR-RV,0.11883210334542105,0.09004289070215059,0.05044557279627371,2577
QCOM,21,"GARCH(1,1)",-0.4204019461325177,0.11432092379048694,0.06622927792570418,2577
QCOM,63,Ensemble,0.29927219716154696,0.06743985126007104,0.028472412854042686,2829
QCOM,63,HAR-RV,-0.002928575653268428,0.07936013531452739,0.04055059327935838,2577
QCOM,63,"GARCH(1,1)",-0.48637513383983655,0.09661212008750737,0.0504668167573522,2577
QCOM,126,Ensemble,0.49659388218161826,0.04831564779756438,0.015000735285001602,2829
QCOM,126,HAR-RV,-0.07105127106313569,0.0686236319474017,0.031224472804166646,2577
QCOM,126,"GARCH(1,1)",-0.6431203433372963,0.08499693308128418,0.03898144963423174,2577
SCHW,21,Ensemble,0.27045646155234004,0.08445742072233799,0.03174918721210377,2829
SCHW,21,HAR-RV,0.17947469910003144,0.0918337948826698,0.04022240781116399,2577
SCHW,21,"GARCH(1,1)",-0.15178223025153303,0.10880321530564331,0.05439049311308804,2577
SCHW,63,Ensemble,0.12239105775512582,0.077216328613437,0.029727720313674204,2829
SCHW,63,HAR-RV,0.04193553635234626,0.08347029079650244,0.03630957396571934,2577
SCHW,63,"GARCH(1,1)",-0.30669887591119216,0.09748152606649807,0.04825928465191137,2577
SCHW,126,Ensemble,0.29192234502805225,0.05860200829271224,0.018353723424954838,2829
SCHW,126,HAR-RV,0.021995606622863484,0.07151492442378737,0.028942312445393494,2577
SCHW,126,"GARCH(1,1)",-0.3653544918756686,0.08449849870985768,0.03909148283128082,2577
SBUX,21,Ensemble,0.304721512719049,0.07572719604828364,0.03814432642793901,2829
SBUX,21,HAR-RV,0.17824119299735597,0.084849975972265,0.05231498764165897,2577
SBUX,21,"GARCH(1,1)",-0.24759837831930187,0.10454829168181093,0.07384240380299767,2577
SBUX,63,Ensemble,0.17690090175176654,0.07115301868982621,0.03903560176742109,2829
SBUX,63,HAR-RV,0.07746531638238818,0.07596828863989595,0.04760681066591507,2577
SBUX,63,"GARCH(1,1)",-0.3594329517546533,0.09221888946153771,0.06803313614143515,2577
SBUX,126,Ensemble,0.3771433975621753,0.053936048655302854,0.02422684465447749,2829
SBUX,126,HAR-RV,0.02440322064036582,0.06804980424653885,0.04205289732355179,2577
SBUX,126,"GARCH(1,1)",-0.47851359308332486,0.08377305667931624,0.06133551151121435,2577
SLB,21,Ensemble,0.48488416889622643,0.09990185314458468,0.02978318804343286,2829
SLB,21,HAR-RV,0.38643681194571433,0.11210655860759416,0.04196656540520841,2577
SLB,21,"GARCH(1,1)",0.10982967085407025,0.13503238255252611,0.045937882198798005,2577
SLB,63,Ensemble,0.33222786675293525,0.10464749719867067,0.03782970247574294,2829
SLB,63,HAR-RV,0.23524520102442004,0.11544359965607853,0.05096861864281112,2577
SLB,63,"GARCH(1,1)",-0.08063117914547058,0.1372295065087793,0.053058765858623375,2577
SLB,126,Ensemble,0.47209374857079134,0.08620817052313268,0.025334008437509877,2829
SLB,126,HAR-RV,0.045673606266632416,0.11964013926620297,0.04880246022725266,2577
SLB,126,"GARCH(1,1)",-0.12850330525833575,0.13010076791692604,0.05299607321252447,2577
SO,21,Ensemble,0.24628021388269494,0.06325884571973536,0.0346775701827501,2829
SO,21,HAR-RV,0.16685178252900534,0.06898758105372947,0.04253582578179956,2577
SO,21,"GARCH(1,1)",0.05470318198340707,0.07348418478621649,0.0386863270347874,2577
SO,63,Ensemble,0.1502244938682864,0.05950027713554102,0.03605238551442734,2829
SO,63,HAR-RV,0.0816039122016683,0.06428511945899083,0.04262269967012088,2577
SO,63,"GARCH(1,1)",-0.033938118602194756,0.06820916235867447,0.04246184698546789,2577
SO,126,Ensemble,0.30063774970240376,0.04791285385195964,0.0250000679473831,2829
SO,126,HAR-RV,0.039242650693691705,0.05830383629634976,0.04062900948803961,2577
SO,126,"GARCH(1,1)",-0.1251199724741272,0.06309423673562994,0.0453614685663971,2577
SPG,21,Ensemble,0.5310754076287874,0.10792752436115438,0.03750900246243134,2829
SPG,21,HAR-RV,0.3773467292232937,0.1279751953218349,0.04990229820660612,2577
SPG,21,"GARCH(1,1)",0.26553089728725887,0.13899188011874422,0.05602426421331233,2577
SPG,63,Ensemble,0.3194742715040322,0.12287439492912627,0.054958633631870146,2829
SPG,63,HAR-RV,0.27613422312383495,0.13042387655907106,0.07076690521844699,2577
SPG,63,"GARCH(1,1)",0.09164872736025087,0.14610160832358707,0.07812436405650586,2577
SPG,126,Ensemble,0.34465480282826244,0.11406177968402582,0.05132287049635301,2829
SPG,126,HAR-RV,0.15033623390751905,0.1337093977687624,0.08232522222471543,2577
SPG,126,"GARCH(1,1)",-0.13302198612642813,0.15440364636718623,0.10477284461778708,2577
T,21,Ensemble,0.16840505938392858,0.08660367307626597,0.05163939239737469,2829
T,21,HAR-RV,0.03604272977558498,0.09623932554148797,0.06534860161599637,2577
T,21,"GARCH(1,1)",0.018410470033992765,0.09711551953984604,0.06209946997179187,2577
T,63,Ensemble,0.1944015992762388,0.07306940952101917,0.041840170302355525,2829
T,63,HAR-RV,0.004703668795937088,0.08351563402251422,0.06098811304896063,2577
T,63,"GARCH(1,1)",0.09695871754972485,0.07955095233636604,0.04962183013161137,2577
T,126,Ensemble,0.3682501789905279,0.0565333846462185,0.029455706844088648,2829
T,126,HAR-RV,-0.039790827413473506,0.07408102256453955,0.05431615734744227,2577
T,126,"GARCH(1,1)",0.09916509404709173,0.06895354209397157,0.04327577864821236,2577
TGT,21,Ensemble,0.2757738406343968,0.06339738453199345,0.030378599467548787,2829
TGT,21,HAR-RV,0.025251112130641684,0.0738353223894839,0.041502098911690065,2577
TGT,21,"GARCH(1,1)",-2.565023665600231,0.14120465364996493,0.07704747660102332,2577
TGT,63,Ensemble,0.2305332501047921,0.05322669732475942,0.023206435329420183,2829
TGT,63,HAR-RV,-0.04116751788837858,0.06131602810409381,0.03049068615193325,2577
TGT,63,"GARCH(1,1)",-4.380377629622256,0.1393862995277566,0.07308889584015005,2577
TGT,126,Ensemble,0.3300626897332072,0.04185320168745442,0.015357146133803803,2829
TGT,126,HAR-RV,-0.08811359105709005,0.052543123854402664,0.02363033309733882,2577
TGT,126,"GARCH(1,1)",-8.117600672971756,0.15209644232117936,0.07461744601334581,2577
TMO,21,Ensemble,0.35669339275560896,0.055922281425372686,0.0284820064014582,2829
TMO,21,HAR-RV,0.09588083437149753,0.06727565821848872,0.04310740974717034,2577
TMO,21,"GARCH(1,1)",-0.05156111873879876,0.07255416989902977,0.04589972395628207,2577
TMO,63,Ensemble,0.3306903667604706,0.047815148257406244,0.02154543746068192,2829
TMO,63,HAR-RV,-0.048991777354657096,0.06061921516376,0.03737914538289009,2577
TMO,63,"GARCH(1,1)",-0.139216963801976,0.06317241634120467,0.03813939256287814,2577
TMO,126,Ensemble,0.42847757223723437,0.038065429798068255,0.014063053187532095,2829
TMO,126,HAR-RV,-0.06008946484968569,0.052371124907872074,0.02916239256612346,2577
TMO,126,"GARCH(1,1)",-0.1714109364533043,0.055052276234772296,0.030645805845401424,2577
TXN,21,Ensemble,0.2777010588381327,0.06432343514461275,0.028851712509831155,2829
TXN,21,HAR-RV,0.12802683561470174,0.07217834290406974,0.039331902738802216,2577
TXN,21,"GARCH(1,1)",-0.4334420870833442,0.092543394035576,0.052325477821696845,2577
TXN,63,Ensemble,0.2124017973503558,0.056229410728292226,0.02498058549076883,2829
TXN,63,HAR-RV,0.015886454778116788,0.0646359054461856,0.03563506968517107,2577
TXN,63,"GARCH(1,1)",-0.6241403577373739,0.08303534822679219,0.047698134555614,2577
TXN,126,Ensemble,0.36767234859236275,0.042500304460166075,0.015757601175091094,2829
TXN,126,HAR-RV,-0.019458308842545735,0.055450473004861105,0.028321315072544106,2577
TXN,126,"GARCH(1,1)",-0.7001595469003199,0.07160862908916224,0.0394048568651653,2577
TSLA,21,Ensemble,0.26900981904153354,0.13971876303121075,0.03812610373859284,2829
TSLA,21,HAR-RV,0.22319365153821624,0.1468553356361389,0.041241345755733225,2577
TSLA,21,"GARCH(1,1)",-0.5272045131990004,0.20591213732206143,0.07368146843147245,2577
TSLA,63,Ensemble,0.39559218844719657,0.10847558349693888,0.024971489672045464,2829
TSLA,63,HAR-RV,0.18070823386703805,0.12798245732118826,0.03575596005501183,2577
TSLA,63,"GARCH(1,1)",-0.6256039828658466,0.18027625465943248,0.05968204888961479,2577
TSLA,126,Ensemble,0.4183827314257921,0.09317712720325783,0.019769190842955833,2829
TSLA,126,HAR-RV,0.16444894937098953,0.11248115462815311,0.031236787120497052,2577
TSLA,126,"GARCH(1,1)",-0.7572442211548152,0.1631207962949175,0.05180679962757349,2577
UNH,21,Ensemble,0.3111506942744988,0.07413935681123958,0.03610101920891951,2829
UNH,21,HAR-RV,0.20936551376558754,0.08233335204165448,0.04490290303400045,2577
UNH,21,"GARCH(1,1)",0.06052616228740104,0.08974913377423728,0.05185291608326692,2577
UNH,63,Ensemble,0.2711003928020759,0.06631576489479488,0.03131607241822674,2829
UNH,63,HAR-RV,0.12338558143973943,0.07445144891986145,0.041043702046770277,2577
UNH,63,"GARCH(1,1)",-0.06636323708381431,0.0821147984856626,0.04803518224105426,2577
UNH,126,Ensemble,0.44796256425370573,0.05111858384969671,0.01998211334328157,2829
UNH,126,HAR-RV,0.07068014176975224,0.06758048292515667,0.03615970410112423,2577
UNH,126,"GARCH(1,1)",-0.11877071564036124,0.07414967078008669,0.04298653591176083,2577
UPS,21,Ensemble,0.41357086323247627,0.05527280902509339,0.027578039320139077,2829
UPS,21,HAR-RV,0.23138620465086746,0.06369538894045315,0.04018222933547301,2577
UPS,21,"GARCH(1,1)",-0.3100249493039513,0.08315601899070549,0.05613217495567248,2577
UPS,63,Ensemble,0.38172539819140017,0.04973821884117627,0.024340306720419067,2829
UPS,63,HAR-RV,0.114081330584905,0.05967027768171565,0.03967051400346462,2577
UPS,63,"GARCH(1,1)",-0.33131433172446534,0.07314782809178594,0.05053911328624107,2577
UPS,126,Ensemble,0.4663611621128899,0.04148512296396261,0.01820160912377333,2829
UPS,126,HAR-RV,0.05001505159689279,0.054953373660224444,0.0366535739296,2577
UPS,126,"GARCH(1,1)",-0.43760834695535444,0.0676014934004297,0.04535708619484155,2577
USB,21,Ensemble,0.3727372216946562,0.07779996559039004,0.03940877085261481,2829
USB,21,HAR-RV,0.30483586327714307,0.08287491220411261,0.05453449614901645,2577
USB,21,"GARCH(1,1)",0.09481768428306248,0.0945687028780399,0.05346161345032044,2577
USB,63,Ensemble,0.3026754725439984,0.07338477512969567,0.03888415452505082,2829
USB,63,HAR-RV,0.11018699236994056,0.08370765660143924,0.058501652123965485,2577
USB,63,"GARCH(1,1)",0.10064901655450353,0.08415509525181807,0.0512432125316486,2577
USB,126,Ensemble,0.37445601558991104,0.0626962578615933,0.029665899713052054,2829
USB,126,HAR-RV,-0.02642286694891749,0.08098787039958942,0.07228855213624556,2577
USB,126,"GARCH(1,1)",0.05868128878649803,0.0775577435964803,0.049045713946264904,2577
VZ,21,Ensemble,0.1710205049301966,0.07242343017523144,0.04513971157814642,2829
VZ,21,HAR-RV,0.0342643253421524,0.08079107500197652,0.05979282480345186,2577
VZ,21,"GARCH(1,1)",0.036597103354863325,0.08069343876515489,0.05891045031315657,2577
VZ,63,Ensemble,0.09722345977196312,0.062353534240953794,0.041276717924372305,2829
VZ,63,HAR-RV,-0.0018881053477788345,0.06642383838893648,0.04945318382688984,2577
VZ,63,"GARCH(1,1)",0.03464528008641299,0.06520153499243368,0.04637011297584096,2577
VZ,126,Ensemble,0.38432749387210885,0.13881383608368977,0.051741272468382345,2829
VZ,126,HAR-RV,-0.013135231523933477,0.18588158086192022,0.14366551190247456,2577
VZ,126,"GARCH(1,1)",-0.0072142544458373425,0.18533761925783648,0.134319859532699,2577
WFC,21,Ensemble,0.4200771477496519,0.07439831149757817,0.03772417047091191,2829
WFC,21,HAR-RV,0.24336407951434336,0.08451759687186462,0.05474146046168943,2577
WFC,21,"GARCH(1,1)",-0.02247685094424745,0.09824951261294125,0.05889040521407166,2577
WFC,63,Ensemble,0.37252642199485086,0.06849714298643171,0.030598555681786113,2829
WFC,63,HAR-RV,0.059085413904611306,0.08293699605843852,0.05437202033294596,2577
WFC,63,"GARCH(1,1)",-0.009172199710100415,0.08589261795106326,0.049402197218936475,2577
WFC,126,Ensemble,0.46407937601304317,0.0566605271992973,0.021725820983782108,2829
WFC,126,HAR-RV,-0.0764555433933034,0.07906622645946614,0.05851482786753233,2577
WFC,126,"GARCH(1,1)",-0.03715748528487661,0.07760957688690732,0.04271271665508041,2577
WMT,21,Ensemble,0.20549270381605678,0.05702938956478011,0.0402383206199399,2829
WMT,21,HAR-RV,0.10681602124770717,0.06191780267917425,0.04614736450324092,2577
WMT,21,"GARCH(1,1)",-0.14777191933838574,0.07018961678592472,0.057524992638522836,2577
WMT,63,Ensemble,0.09548715060924284,0.05098272088805415,0.033817037939665874,2829
WMT,63,HAR-RV,-0.0017928953580998996,0.05490883420521931,0.040251542403560554,2577
WMT,63,"GARCH(1,1)",-0.19968022537718078,0.06008775795799243,0.04568454351738026,2577
WMT,126,Ensemble,0.23277949040295598,0.04009792204364777,0.022329863103896976,2829
WMT,126,HAR-RV,-0.06820253304672796,0.04847069558382755,0.03527504987504362,2577
WMT,126,"GARCH(1,1)",-0.2677952413604201,0.05280523857061885,0.037962312546924414,2577
XOM,21,Ensemble,0.5051845083903024,0.0701033996242455,0.03485227593759548,2829
XOM,21,HAR-RV,0.43986614135041835,0.07675940907713408,0.04433849954574853,2577
XOM,21,"GARCH(1,1)",0.2610959762910129,0.08816165326350037,0.04922131353136813,2577
XOM,63,Ensemble,0.33405775829162054,0.07415272807482497,0.04331191544191554,2829
XOM,63,HAR-RV,0.2408628463769349,0.08173384316886025,0.05925817585529255,2577
XOM,63,"GARCH(1,1)",0.07730396762214686,0.09010961272019716,0.06094045871033349,2577
XOM,126,Ensemble,0.4315863182818054,0.0618680747754475,0.031419717306584063,2829
XOM,126,HAR-RV,0.1600486050565204,0.07783315951459817,0.05752489981440438,2577
XOM,126,"GARCH(1,1)",0.0009317439009811634,0.08488582277962807,0.059819517411359976,2577
