trial,objective,qlike,mz_beta_dev,xgb_max_depth,xgb_lr,xgb_n_est,xgb_reg_alpha,xgb_reg_lambda,xgb_gamma,xgb_colsample,xgb_min_child,xgb_subsample,rf_n_est,rf_min_leaf,rf_max_feat
43,0.051888515011212166,0.04921409979937195,0.3656784934775505,2,0.12593572449994242,250,0.12249782382161042,0.11826859410628261,0.231540343788181,0.8374614083976172,1,0.6661931249711734,150,10,log2
30,0.05240140063888367,0.04955482978207746,0.3772645528542408,2,0.13307769640417208,200,0.09890718659510553,0.19625305686139788,0.1891222073964552,0.903087864689046,1,0.6516722134562781,150,11,log2
45,0.05241589446309056,0.04949316343149004,0.3822781076389619,3,0.09376138944276866,300,0.11324900354438754,0.45054671490624726,0.19591849047325816,0.8554487780043516,1,0.6056470054581535,150,5,log2
41,0.052426631174649366,0.04963890636777002,0.37334466695530444,2,0.13959786218478581,200,0.11227841605477615,0.17250916439657285,0.17889713441382585,0.9088478195815533,1,0.654754534030571,150,11,log2
50,0.05251501484609751,0.04970069230744125,0.37512148289962405,2,0.1399440575793349,250,0.034743012907391006,0.4480457065239957,0.13206594044619674,0.6986227551134666,2,0.6012968253898092,150,14,log2
59,0.0525512542451733,0.04965894022726106,0.38028371105743086,2,0.05662874729975926,250,0.11295591879355323,0.7566529949552221,0.13733945487188598,0.7545526773726396,3,0.6600450985543174,200,14,log2
19,0.05258775859211224,0.04967765247635885,0.3814515772515163,2,0.0673008110106617,150,0.6199642782495052,1.9503452739606206,0.08049837591429114,0.9412544406948945,4,0.6996881707028251,100,5,sqrt
26,0.05264096903978406,0.05002674223752875,0.3615402330485022,2,0.09583431109102489,200,0.35985811209724705,0.3855663309055628,0.0022525753493118084,0.8237203101312063,1,0.6999159095232296,100,7,sqrt
12,0.05267763082348974,0.049843313373980215,0.37645168677464597,2,0.041405305808410724,150,0.22400622193913805,0.12259446301296716,0.3336228052393174,0.9996812193207756,3,0.9204508790278997,100,11,0.3
31,0.05276107469724801,0.0498831399795572,0.37933723239953715,2,0.1446111392842484,200,0.10712303829305816,0.17941165789613547,0.20253752451181445,0.9100286488741227,1,0.6469549946360567,150,11,log2
53,0.05279110381398634,0.0496545067247617,0.39601749262025265,2,0.09969530256265194,300,0.06070314243882844,0.4523389089541286,0.14667056677967744,0.7173408605187447,2,0.6716157184023005,150,10,log2
24,0.052848864727024006,0.050000083026956715,0.377411029255061,2,0.05175849555313526,200,0.1352615755176819,0.8470655135569463,0.11855124852560045,0.9438988894348087,2,0.6779640215572021,100,8,sqrt
57,0.05293188698870239,0.04980359018677264,0.39549316061910283,3,0.13908075451116744,250,0.019359829384471942,0.11951531123362623,0.25018167182547574,0.9387445572845513,1,0.729808902415219,150,13,0.5
58,0.05298351977925182,0.05003919747395804,0.3836875229463283,2,0.08817647470049812,300,0.14963602290025962,0.14167728792110562,0.09922771539046409,0.8677783978908782,5,0.6029404828909896,150,9,log2
35,0.05298783833876468,0.05007706113070778,0.38149555751390496,3,0.12954339762565395,200,0.08668458635208318,0.3963557643726842,0.31615178403804645,0.8906082339997018,3,0.8822693360917806,150,12,sqrt
44,0.053164529089242275,0.050002994579236425,0.39758863854528387,2,0.1256034270899437,250,0.06057721653976747,0.16409914849977733,0.23693422087310198,0.8347957040706206,1,0.6679106419607604,150,10,log2
33,0.05317381225877243,0.050079912006769256,0.3933128685921153,2,0.18988045817764135,200,0.474069186528694,0.14106691251941472,0.27394494734219077,0.7985856564899313,3,0.7098433279180992,100,13,log2
49,0.053174463812924726,0.05023656570283924,0.38326871187754713,3,0.11652730998924866,300,0.1315648909620358,4.940937167363365,0.17784783444864075,0.8441813401458218,8,0.6148953373174822,200,12,log2
18,0.0531872700360464,0.05031738602207624,0.37880628386882353,2,0.03299129595178856,150,0.7390249080143863,1.4559095280735745,0.09223365644883813,0.9370758204210594,3,0.7837252951301655,100,9,sqrt
42,0.05318798130614584,0.05015244243548845,0.3895856048840481,2,0.15448688307004488,200,0.3036909091043039,0.3200809581294208,0.18249240781159795,0.8769231738194838,2,0.6430974604466181,150,11,log2
15,0.053192901984197835,0.04993737262504466,0.4034556579819628,2,0.03369952705902841,100,0.005058883619388382,0.5526395616780531,0.16463163110096674,0.8172940992377844,3,0.8160380080454375,200,9,0.3
55,0.05319523822601235,0.04997256283225875,0.4014147103528715,2,0.1108199735379465,250,0.078994713723822,0.22077436918698978,0.21769541632698844,0.9205976261279738,2,0.6426110235921089,200,14,log2
7,0.053258246667992,0.05010206283560226,0.3972520504912305,3,0.03419168411765895,250,0.00569206180746619,0.13514082247401413,0.144875726456884,0.5806106436270022,10,0.9232481518257668,150,14,0.3
21,0.05328550855396009,0.05013515202475119,0.3968851552533111,2,0.06281582350173738,150,0.7083373898643915,1.4883481952842748,0.09227171148529623,0.9248758022697212,4,0.7803420677587408,100,5,sqrt
48,0.053285846850086784,0.050160823878920346,0.3952861603425066,3,0.08217426697810583,250,0.09637158716653303,3.735332779806901,0.22193794112009765,0.7874885120131722,9,0.6486497848190035,150,3,log2
1,0.05334664305486072,0.0501465895200448,0.4000033459120013,2,0.024878734419814436,200,0.02666020367873237,0.31245650712608714,0.30592644736118974,0.569746930326021,3,0.7465447373174767,100,12,0.3
34,0.05337413365952559,0.050177821345380826,0.3997694531942608,2,0.0914867503335023,150,0.04405363263552584,0.21034867669907767,0.393966503739142,0.8468999617182779,1,0.7522989698355902,100,10,log2
51,0.053512338992087204,0.05017721145036608,0.40835814805885323,2,0.14116975336643406,250,0.03805944876013228,0.47664739528432926,0.14106469619425238,0.6574734774984063,2,0.6039751365148385,150,15,log2
25,0.05351298910798019,0.050267041222780195,0.4028615075432249,3,0.05108527023349745,200,0.13526679872007719,0.8468924581187587,0.36089912748692965,0.9713036570434173,2,0.6596012693861336,50,5,sqrt
39,0.053583238634503386,0.05040481601328537,0.39864913277329556,3,0.02784925264555121,150,0.1907725247282755,0.13059206462131623,0.12405670798565838,0.9231810640140996,4,0.6333804904385207,150,8,0.3
36,0.053600078942817646,0.05010761252366771,0.4178795531699258,2,0.07322708240058777,50,1.1275081404615301,0.2707144630223385,0.11624132122420938,0.9051467282533574,1,0.8274129409498422,100,6,log2
22,0.05361423508230172,0.05032422474114299,0.405586633233809,2,0.03313003654347452,150,0.643516564445167,2.7372282373120815,0.08310356974885666,0.9561843729710651,2,0.68927262548134,100,8,sqrt
47,0.053630674387677074,0.050283419056228296,0.4090999469230459,4,0.16086846874280109,300,0.008769351716016748,0.10718502450578937,0.2848787391129278,0.8961504080039147,1,0.6271625151047998,150,5,log2
52,0.05369014760921465,0.05022956279252158,0.41596783629825707,2,0.17503800824336513,250,0.017415814295939334,0.6350750946855923,0.169785941798426,0.680063938144897,1,0.6335894583655115,150,14,log2
54,0.05373715107477439,0.05064581751008453,0.39314968934808153,2,0.12649597276111074,250,0.01037947219253773,0.29247273974972193,0.19759941675117326,0.5871209300481607,1,0.6251091276293934,150,9,log2
10,0.053738549817777974,0.05052837656027374,0.40063532404820695,4,0.010181283131439643,300,0.0011462852132837168,0.7141434628215664,0.01936259998059159,0.6806559982209047,7,0.9863992268231498,200,15,log2
4,0.05380277128688374,0.05043311526944134,0.41046656486505717,3,0.022544116997360492,250,0.015054052714725995,0.3001230180898044,0.27134804157912423,0.5704621124873813,9,0.6298202574719083,200,12,0.3
28,0.053854926821688444,0.05049560141591237,0.40983688253841155,3,0.08531947035491305,200,1.7888039120064507,0.36086783836865116,0.047989995835602955,0.8296097617727911,4,0.6939414796655314,100,4,0.5
11,0.05397950743528809,0.05049837948621951,0.4172006680884261,2,0.04346877612204349,150,0.004475339111151957,0.5316808224675185,0.15103169505742395,0.5033608201767822,2,0.7422946841949962,50,11,0.3
38,0.05404008206916486,0.05063916355102734,0.41236625214349915,2,0.07408691806020855,250,0.45810900713176006,0.15767946448020517,0.2353679495075978,0.7392532908984646,2,0.9964726713867944,100,13,0.5
40,0.05404047029066471,0.05027975863515236,0.4336306986084093,2,0.020260211636335942,100,0.06030582494628202,0.21709779599302784,0.4463300214494844,0.9630455293993417,1,0.619858852407168,100,12,sqrt
29,0.054069498637007885,0.05064876752418431,0.41356566061652006,3,0.17452592454838003,150,0.041713561429815346,3.2681954041062284,0.3066970234228898,0.8806687624492711,6,0.8500732354839304,50,7,sqrt
16,0.054079997494144744,0.05044555690392342,0.4262886692266948,2,0.015410501180994867,100,0.28266048746114497,1.0627894960564597,0.3419531237289206,0.995578900088611,3,0.8140481899376519,200,9,0.3
9,0.05409252320097502,0.05058086261658407,0.4190262870268966,3,0.047311003556264795,250,0.015861791058006697,4.477427984113195,0.4812236474710556,0.6258911479126821,5,0.7203513239267079,100,2,sqrt
6,0.05409503719114322,0.050420487181877284,0.4286344601910777,2,0.08471354625326555,250,0.07125131189145292,2.0410334065257048,0.24689779818219537,0.7613664146909971,5,0.610167650697638,50,2,0.5
32,0.054151364262212696,0.05073921372355045,0.4130466401426265,2,0.13079332827911028,250,0.22045517642737403,0.2531435945378071,0.04988511051237336,0.9979612477523219,2,0.6571129669431223,150,11,log2
5,0.05422693970601328,0.050608103872229505,0.4253725328335019,5,0.10079659367870726,50,0.015251273957388432,0.15734685129393672,0.43155171293779676,0.811649063413779,4,0.6254233401144095,100,6,0.3
13,0.05435101976720594,0.051109307488384235,0.4025985766754336,3,0.04452720336831323,150,0.42657302119006957,0.11364308153580291,0.3511691193460903,0.9837500908851858,7,0.9281889012746767,150,10,log2
23,0.0544232247492788,0.05094246018098928,0.4171788925802406,3,0.07378860076875844,150,0.8373967886391191,1.1950370308871896,0.05661093331121594,0.8665268402452663,4,0.7666053406411548,100,10,sqrt
46,0.054544631417081775,0.05072467166379241,0.43703316540563425,3,0.1981838337183103,300,0.027545334909812504,1.6989554708893315,0.18886549539252356,0.8639477869038378,2,0.6056736746969841,150,3,log2
0,0.054622771187872975,0.05102521850757107,0.424119834498571,3,0.17254716573280354,250,0.09466503798478172,0.18410729205738682,0.07799726016810132,0.5290418060840998,9,0.8404460046972835,150,2,sqrt
8,0.05466718406756935,0.05086949994590396,0.4357570493787444,6,0.146501361250436,100,0.0023082598842919556,0.24392426447067803,0.21355389431312816,0.9090073829612466,9,0.6027808522124762,150,7,0.5
56,0.054704681126024085,0.05083980598280663,0.43959499219266923,5,0.15986052697703662,300,0.03365254601928457,0.6504749751868752,0.11085674895603165,0.7001193287746525,3,0.6840509007581772,150,12,log2
20,0.05472804612613357,0.05105985427701504,0.4282634614999588,4,0.1135488881302173,200,0.17334718532906945,2.4230760239809728,0.028159519124825436,0.9533264390211561,6,0.6766990535179145,50,4,sqrt
14,0.05488362360800371,0.05102506815226748,0.43923544117797614,4,0.06442684950136703,300,0.2420449228407269,0.10210396427997281,0.15739300107347662,0.7190278136376896,7,0.9089810626910788,50,13,0.3
3,0.05498947230316753,0.0512437740937608,0.43276426662830714,5,0.02544166090938368,200,0.06378330678120922,0.20609249413202357,0.4847923138822793,0.8875664116805573,10,0.9579309401710595,150,14,0.5
17,0.055101163949358815,0.0512986770036066,0.43603250714552305,4,0.06265464252021834,100,1.5233435433393117,0.5133708947683252,0.20660232627082054,0.8520686785551936,1,0.8622484428063515,200,7,log2
37,0.055450027739566726,0.05129416573875134,0.4558432845186702,5,0.10411708583111463,200,0.027483987625469792,0.18688695141706957,0.2644361563960385,0.7884167437224809,5,0.7091157261950283,150,4,0.3
27,0.056563151145385904,0.051922882721327425,0.48167771507816726,6,0.11146020114644938,100,0.35543070140534405,0.37618751718947135,0.007254206409259424,0.7686434122636524,1,0.7286156507255409,150,6,sqrt
2,0.05782091423227313,0.05295021081177634,0.4934928277339394,5,0.016666983286066417,50,1.356124683738338,4.370990468130501,0.40419867405823057,0.6523068845866853,1,0.8736932106048627,100,3,0.3
