date,y_true,y_pred,vrp_wedge,put_call_skew_30d
2021-01-05,0.2959166904043435,0.29198072308946477,0.06057381896621089,0.027458000000000038
2021-01-06,0.2929000234987975,0.2941870948061688,0.05392383253450994,0.023595000000000033
2021-01-07,0.29236900837862956,0.2944948462647123,0.03266304092010203,0.020177999999999974
2021-01-08,0.2923908005678652,0.29607110513435475,0.044024532892735724,0.01644699999999999
2021-01-11,0.29127404810382146,0.285300558830067,0.077040970014773,0.024112000000000022
2021-01-12,0.2911788284345116,0.28275050150537967,0.07640721160454511,0.016647999999999996
2021-01-13,0.29118964464815816,0.28722361437323,0.06940745390396708,0.020293000000000005
2021-01-14,0.2910730556966735,0.276826120200868,0.07661449408521659,0.020504999999999995
2021-01-15,0.29182049665512155,0.287464008887773,0.06586419729114901,0.024874000000000007
2021-01-19,0.2924726827190066,0.28796525526568195,0.06003773602973056,0.02100799999999997
2021-01-20,0.2918295864572876,0.28786461854889817,0.07305454341674433,0.018118999999999996
2021-01-21,0.2915167056739412,0.29187874802210356,0.08564622404032113,0.02556999999999998
2021-01-22,0.2914554099707035,0.2888500650654872,0.08655626177464182,0.029330999999999996
2021-01-25,0.28642657869228344,0.29049318679700087,0.1038573077883122,0.03991899999999998
2021-01-26,0.28504278322638005,0.29042413855334054,0.095582552131529,0.04298400000000002
2021-01-27,0.28092761438787167,0.29039346771297175,0.17007477593322978,0.05533799999999994
2021-01-28,0.27639282882574473,0.28941034960205814,0.11556410388574356,0.022972999999999966
2021-01-29,0.275018912693771,0.284574925136468,0.1497590619099391,0.03833199999999998
2021-02-01,0.27627268546636097,0.29059219433282263,0.1012595304140177,0.05098200000000003
2021-02-02,0.27496320674350777,0.2674943494092656,0.053744454212521275,0.04150100000000001
2021-02-03,0.27505533769119045,0.2726274280187375,0.07049688180702818,0.04272999999999999
2021-02-04,0.2759797589698369,0.2729491943343289,0.05763139937465239,0.047962000000000005
2021-02-05,0.27683025750638646,0.2717895648443703,0.05880249147829908,0.042574999999999974
2021-02-08,0.27629534857670973,0.2721500823374068,0.06622339485437345,0.04060399999999997
2021-02-09,0.27535064121547725,0.27224832593313303,0.06768335407841108,0.041847999999999996
2021-02-10,0.2742095364399036,0.2727342097586431,0.0869341920836535,0.030667
2021-02-11,0.27390794252190465,0.2741459063511463,0.06958485335352915,0.03736799999999996
2021-02-12,0.2722471085543615,0.27582315786415507,0.05056880206141523,0.029859999999999998
2021-02-16,0.27448455341543243,0.2749812104084681,0.05882266887982396,0.03939400000000004
2021-02-17,0.274114901458233,0.2793397676758148,0.060435883341488694,0.033338000000000034
2021-02-18,0.27336152446816275,0.2815400445426388,0.059365339790924565,0.03583999999999998
2021-02-19,0.27261927582300816,0.2828156505918095,0.04422334340717893,0.035182999999999964
2021-02-22,0.2692682138516401,0.28322368729244213,0.059474211400001364,0.02604799999999996
2021-02-23,0.2684743739205738,0.2831573660235848,0.03704010151968007,0.03812199999999999
2021-02-24,0.2684964919659447,0.2851972029021243,0.03436963534961496,0.033837000000000006
2021-02-25,0.26504372311631463,0.2844645116457501,0.00691303015144018,0.024338000000000026
2021-02-26,0.26243798800301504,0.2870132246056884,0.01608658818501918,0.024459999999999982
2021-03-01,0.26124134164615287,0.28600658475110385,0.00844242237823506,0.029598999999999986
2021-03-02,0.2608285581494202,0.28347908727848137,0.007150030608054747,0.031879999999999964
2021-03-03,0.2597546029709597,0.28352017286990844,0.023624611263365458,0.02713600000000005
2021-03-04,0.25628931464867666,0.2804049335349737,0.02838296864176776,0.03608900000000004
2021-03-05,0.2514976866147875,0.2817504274001413,-0.008097081780301107,0.03833000000000003
2021-03-08,0.2483714316969469,0.2844901859871343,0.008253831636047426,0.024224999999999997
2021-03-09,0.24527382879428722,0.2821774007765071,-0.012669720052181976,0.02276800000000001
2021-03-10,0.2453533839249906,0.28028388181741837,-0.014927159013859825,0.009262999999999966
2021-03-11,0.24248051788434494,0.2801689814765934,-0.04520605690605517,0.021818000000000004
2021-03-12,0.24211269635872196,0.2820497229906026,-0.03803856190567689,0.01633000000000001
2021-03-15,0.24169823949319955,0.2826397747858142,-0.038260454785757514,0.016934999999999978
2021-03-16,0.24133322038443802,0.28217197282670875,-0.04425413214283108,0.01707200000000003
2021-03-17,0.24079699410163286,0.2817811229811592,-0.0439970983550686,0.018696000000000046
2021-03-18,0.23953106075704533,0.25338840724911926,-0.01645737374501599,0.01435900000000001
2021-03-19,0.23794091303974682,0.2553325145927826,-0.04963541505506702,0.02634599999999998
2021-03-22,0.23735804271349528,0.25235697562981074,-0.06212592776652165,0.018015000000000003
2021-03-23,0.236118162403659,0.24892773997081308,-0.06913618107387165,0.022990999999999984
2021-03-24,0.23536297866861963,0.2535768730397822,-0.05450437244258005,0.02534900000000001
2021-03-25,0.23343370881473682,0.25522647936879844,-0.042367532388371876,0.026942999999999995
2021-03-26,0.23180339389154572,0.25607573232166875,-0.028113669293341248,0.030382999999999993
2021-03-29,0.23231870603144064,0.2583612769118688,-0.01481378807721534,0.021123000000000003
2021-03-30,0.23215738661295618,0.25671814401550097,-0.02814802536019284,0.020793000000000006
2021-03-31,0.23242424763242583,0.2558500564794082,-0.02960054521814448,0.019301999999999986
2021-04-01,0.23297757048673842,0.253409516691087,-0.04366097708209726,0.022527999999999992
2021-04-05,0.23291670726568028,0.261153516130446,-0.00655866325091059,0.017684000000000033
2021-04-06,0.23393992634235844,0.26009504493903934,0.0045541065267443726,0.01837500000000003
2021-04-07,0.23442158994199735,0.25958710507206245,0.015582989657692503,0.014380999999999977
2021-04-08,0.23515035352884295,0.2575622895055345,0.03412771631683886,0.014135000000000009
2021-04-09,0.23467222675108723,0.25638126702041103,0.027362625744869584,0.012599000000000027
2021-04-12,0.23410372878618207,0.2613319409379549,0.06405970022744628,0.007290000000000019
2021-04-13,0.23386535066208672,0.26017791469397533,0.05625903328346188,0.015336000000000016
2021-04-14,0.23298382180126176,0.26255403897290175,0.06407199049566287,0.014610999999999985
2021-04-15,0.23339403404925685,0.25772558036593973,0.055312836148559974,0.013506999999999991
2021-04-16,0.2332157789749565,0.25696299061754535,0.05489512392763218,0.009196000000000037
2021-04-19,0.2327684699641579,0.2625864926149298,0.07556626479838463,0.009036999999999962
2021-04-20,0.23019835697989072,0.259987936916157,0.07941844586875668,0.01532699999999998
2021-04-21,0.2303671906465376,0.25481978984855946,0.07717336661431118,0.015465000000000007
2021-04-22,0.23091516380186383,0.24804516644284375,0.07721893300374577,0.021128000000000036
2021-04-23,0.23033798454878576,0.21530203816523966,0.06747381439801711,0.017722000000000016
2021-04-26,0.23059713708512566,0.2162622628126057,0.08070352691614119,0.015039000000000025
2021-04-27,0.23116558615380634,0.21783190691646076,0.0973681483493529,0.011522000000000032
2021-04-28,0.23091850708051087,0.21798078216485484,0.09544179376921769,0.012199999999999989
2021-04-29,0.23119714077676254,0.21802311233887747,0.0922193105806019,0.008862000000000037
2021-04-30,0.23058848386589606,0.2192446426353267,0.10577725052658657,0.011633999999999978
2021-05-03,0.23069378640553384,0.21909482607550507,0.09368365245664409,0.016021000000000007
2021-05-04,0.23000295880196575,0.21900196166224678,0.11730894571912984,0.020001999999999964
2021-05-05,0.2307621530870936,0.21498028814214676,0.09185602120242564,0.02273799999999998
2021-05-06,0.23067533680566293,0.21218480783457663,0.053416997146380873,0.025529000000000024
2021-05-07,0.22995027979771054,0.2274610763349033,0.0320098695567996,0.01865100000000003
2021-05-10,0.23235479072685553,0.22638397069938412,0.057091823668017655,0.011380000000000001
2021-05-11,0.23327837545371546,0.23114250888769444,0.05074955260526412,0.031949000000000005
2021-05-12,0.23340266138159643,0.23729940241162895,0.10196448182497028,0.04164100000000004
2021-05-13,0.23293129508553362,0.23290259666735372,0.07473342340403152,0.027696
2021-05-14,0.23257178596038494,0.23699038934320657,0.03871647449960358,0.015189999999999981
2021-05-17,0.23178646957960286,0.23568850665950636,0.06439427685973348,0.018754999999999966
2021-05-18,0.2319342366652208,0.23713902443427953,0.050457353203881616,0.020492999999999983
2021-05-19,0.23057803415328842,0.23577361159265225,0.08136997453929823,0.028863000000000028
2021-05-20,0.23056940936909223,0.2395847638701318,0.04957607863728575,0.02486499999999997
2021-05-21,0.2300033829716416,0.2391638207625534,0.044209146006776834,0.025139999999999996
2021-05-24,0.23181838323950144,0.2394304196383008,0.03055052665941871,0.025016000000000038
2021-05-25,0.23289136807078395,0.23974444386490076,0.030564627955368018,0.024168999999999996
2021-05-26,0.23326737576738762,0.24229479018115213,0.02918916390678883,0.01608200000000004
2021-05-27,0.2344132129956678,0.24001191562695723,0.030015519966398396,0.012679999999999969
2021-05-28,0.23497373484884992,0.2291861015479561,0.01919005329251311,0.019470000000000043
2021-06-01,0.23737095996972496,0.22943998923908898,0.030236873361648375,0.02197100000000002
2021-06-02,0.2407424230738193,0.2301506907455695,0.02975582442836555,0.017628000000000033
2021-06-03,0.24399914047667104,0.2337033673983462,0.024066901568103316,0.02165900000000004
2021-06-04,0.24792206947744064,0.23084430062364658,0.022094921779935772,0.02141700000000002
2021-06-07,0.25053791226565736,0.2297677596852015,0.032069336268035015,0.02318999999999999
2021-06-08,0.25702073563357325,0.22278285003649637,0.047378126776363966,0.01812999999999998
2021-06-09,0.25889363261252607,0.2194917510872706,0.043743999100740893,0.023551000000000044
2021-06-10,0.25930091464333277,0.21556734642594944,0.033303396665095575,0.024702
2021-06-11,0.2592524060146642,0.22004016301156543,0.030473784257432773,0.017832000000000015
2021-06-14,0.26017667672649375,0.22192361268591776,0.039516446485008516,0.022058999999999995
2021-06-15,0.2604299572582881,0.22399262701920036,0.04489762287366503,0.023426999999999976
2021-06-16,0.2612603231074544,0.22835244945477814,0.060340069487966524,0.015080000000000038
2021-06-17,0.26284045601834927,0.23315377104889387,0.053898548965484905,0.023339
2021-06-18,0.2626473346309358,0.2343569548669288,0.07851775709616507,0.015037999999999996
2021-06-21,0.26486934581218957,0.24311816245459889,0.05666877853023394,0.02665500000000004
2021-06-22,0.26774838877771345,0.23046226913792928,0.06017006244779238,0.021423000000000025
2021-06-23,0.26909148076951706,0.2329023691612561,0.062461447377828494,0.016940999999999984
2021-06-24,0.2703990790168379,0.23702289740404311,0.05670961711696762,0.019541000000000003
2021-06-25,0.26978389559852645,0.23763840426011254,0.05683361606347356,0.01588099999999998
2021-06-28,0.2679749399657007,0.23740913584116463,0.07004371144358923,0.021334999999999993
2021-06-29,0.26853319875236376,0.23318200840466852,0.07581113851309554,0.025002999999999997
2021-06-30,0.2682191083903266,0.22830323236807934,0.0794377064022333,0.02894000000000002
2021-07-01,0.2685296227025679,0.2333505147285158,0.08212539942992411,0.021272999999999986
2021-07-02,0.2686149997962068,0.23131425196284713,0.08328605994576815,0.020066000000000028
2021-07-06,0.26957412868295993,0.2571276718220179,0.10307359988679451,0.027407999999999988
2021-07-07,0.2701790294196258,0.256097860393595,0.11451692128270372,0.025260000000000005
2021-07-08,0.2692622610907801,0.26403940790771663,0.1216835779420129,0.030546000000000018
2021-07-09,0.2691749426088782,0.2606155476683842,0.09928322577410026,0.030761999999999956
2021-07-12,0.2692676498609088,0.2589172799971353,0.10275828354847666,0.027631000000000017
2021-07-13,0.270269110109027,0.25823333251713526,0.10535470911037292,0.02738400000000002
2021-07-14,0.27050710507939496,0.25327060195884143,0.10853105401825294,0.02371899999999999
2021-07-15,0.2713516979326218,0.250917594979814,0.11526437004656959,0.02368999999999999
2021-07-16,0.2717510640978963,0.25424959616672105,0.10312714944159126,0.033199000000000034
2021-07-19,0.27146528804644887,0.265252991966233,0.14274658393300851,0.040947999999999984
2021-07-20,0.2708193318877468,0.262271634759052,0.10875116430679838,0.033035999999999954
2021-07-21,0.27111882379762603,0.26650092187727653,0.10585869110362056,0.030791000000000013
2021-07-22,0.27220840277661074,0.258463055511374,0.10195472882626724,0.03285499999999997
2021-07-23,0.2728073508283056,0.2512425129114179,0.09991130313686478,0.02761199999999997
2021-07-26,0.27881997920844886,0.25004543053976197,0.09905892628918242,0.03426499999999999
2021-07-27,0.28356748580020913,0.2456086514089589,0.11135159763112837,0.03344600000000003
2021-07-28,0.28614163095590944,0.2432057861728223,0.12380298621746602,0.02710600000000002
2021-07-29,0.28798102737639397,0.23856269375916034,0.11405032364809306,0.031720000000000026
2021-07-30,0.28864313144460013,0.24135968604923153,0.11525030781785081,0.03946099999999997
2021-08-02,0.28890333045207134,0.24030773502198155,0.10862026331369948,0.04210200000000003
2021-08-03,0.2878453917991067,0.2406934494012455,0.09963219006111185,0.04077399999999998
2021-08-04,0.2868823273030604,0.2436899658576806,0.09922809783270078,0.03739099999999995
2021-08-05,0.28521755165414936,0.24298337742634446,0.047748129228771835,0.029536000000000007
2021-08-06,0.2847586500389548,0.24002226822923442,0.0302196952447768,0.034006000000000036
2021-08-09,0.28448166673446545,0.2365566031014097,0.0257537356735556,0.031254000000000004
2021-08-10,0.2849530903505267,0.2551713961385346,0.02293944509116469,0.03068599999999999
2021-08-11,0.2848553807875669,0.252174138673367,0.02181540721273234,0.02559
2021-08-12,0.28531144921131557,0.2552201681094602,0.024362801142909618,0.02588199999999996
2021-08-13,0.28810972807686175,0.25993147517995036,0.015207309530056501,0.029453000000000007
2021-08-16,0.2860983023775725,0.25914955326407574,0.0137798594811821,0.027874999999999983
2021-08-17,0.28684161221514354,0.26554780108903275,0.024218596142584037,0.032472999999999974
2021-08-18,0.2870907000858071,0.2658547893379287,0.035605539483900606,0.03176799999999996
2021-08-19,0.28732415643129844,0.26978020387565044,0.04555500607916718,0.03583699999999995
2021-08-20,0.2878665633028842,0.2688570050280716,0.02998460347012405,0.03905499999999995
2021-08-23,0.29038967477799627,0.2611707435713946,0.012055886747263489,0.03534399999999999
2021-08-24,0.28922108437558053,0.25889708984237053,0.004444580130203379,0.036765999999999965
2021-08-25,0.2918340926695985,0.2516181023215906,-0.0006020582250704787,0.026179000000000008
2021-08-26,0.29351035731378144,0.24804424520461538,-0.00012574633792966639,0.03154299999999999
2021-08-27,0.2945729967127322,0.24177437166468893,-0.018718234887375174,0.028785000000000005
2021-08-30,0.2953317454740678,0.24581195181595278,-0.009435599041481946,0.03297500000000003
2021-08-31,0.2975743596478204,0.247152697177969,-0.003136172925857217,0.03323599999999999
2021-09-01,0.2998576813463262,0.24101762669709587,0.0007894816608531863,0.02795800000000004
2021-09-02,0.3017979160845251,0.24529045659084553,0.0026522440778727896,0.03017599999999998
2021-09-03,0.3053620193408975,0.24384845968798688,0.010723351139749732,0.03552199999999997
2021-09-07,0.31949210440581255,0.2415901361628091,0.03251178831233292,0.03964699999999999
2021-09-08,0.32052438082526913,0.2416282094144202,0.03503069461615743,0.037063999999999986
2021-09-09,0.32264790125712123,0.23877368729999585,0.041592208992134116,0.025666000000000022
2021-09-10,0.32349639266119495,0.23731121013998527,0.038226098652009044,0.042632
2021-09-13,0.32377511490099664,0.2386844403070048,0.035332285506208816,0.039098999999999995
2021-09-14,0.3255405589445599,0.24300344248035247,0.034916736256232456,0.04221899999999995
2021-09-15,0.3277124769897724,0.2824386218427776,0.04455522321465083,0.038451999999999986
2021-09-16,0.32873398543146115,0.287977057487032,0.04533006318255842,0.03353500000000004
2021-09-17,0.3299760319631017,0.2854603470638242,0.04722838670456367,0.035126999999999964
2021-09-20,0.3299639011031948,0.28944846058368817,0.08982193509631389,0.04951899999999998
2021-09-21,0.33046184751152907,0.2909246134551895,0.07785426293848871,0.041433
2021-09-22,0.3298446136741124,0.28821427430600616,0.04636888159628211,0.041812000000000016
2021-09-23,0.3301698258307627,0.27995473809519145,0.06111041132593359,0.043969000000000036
2021-09-24,0.3312860627135331,0.26832807879635734,0.07627957168094301,0.03218399999999999
2021-09-27,0.33103397866905043,0.2765008120148035,0.07595677914721011,0.037017999999999995
2021-09-28,0.33189505797296376,0.26517630458933106,0.10739561812789797,0.042062000000000044
2021-09-29,0.3315651924052036,0.26413118601515456,0.09952577531569401,0.039810999999999985
2021-09-30,0.3312925956087533,0.2683654426872574,0.11344155280652535,0.030989000000000044
2021-10-01,0.33190434826006693,0.2729961490161512,0.10346885149120053,0.043931
2021-10-04,0.33135293879483485,0.27432578977669775,0.13751865561808688,0.04462700000000003
2021-10-05,0.33181275075598865,0.2646282272435097,0.10972340874281275,0.03903200000000001
2021-10-06,0.3316185757480348,0.26747175451734023,0.11821394360963208,0.04508800000000002
2021-10-07,0.3322740994196518,0.2568738443963084,0.10729595198847569,0.03221599999999997
2021-10-08,0.3329497920374493,0.25192649387555344,0.10397685911577187,0.03448599999999996
2021-10-11,0.33372599255439156,0.24976374072677646,0.1144267069302412,0.02556799999999998
2021-10-12,0.3342866865615414,0.2538153852476406,0.11594547646504999,0.02721800000000002
2021-10-13,0.33469856070310755,0.26003224614931714,0.09467602158935312,0.03444799999999998
2021-10-14,0.33634390251441754,0.2676317172230675,0.08788262075658146,0.03250900000000001
2021-10-15,0.3371058166646677,0.2516319801518968,0.07946670494471972,0.033214999999999995
2021-10-18,0.33713589789338216,0.2544813380103487,0.09318924487113464,0.02629100000000001
2021-10-19,0.3373398478485845,0.2532117804165659,0.10349399818400401,0.026144
2021-10-20,0.33863576145066115,0.30079028894912085,0.10109179879214208,0.022926000000000002
2021-10-21,0.3392614898744366,0.2997078127587871,0.09903386346474188,0.02462099999999995
2021-10-22,0.33981025355048583,0.2961692499793245,0.10396158187373047,0.022911999999999988
2021-10-25,0.3401885388326252,0.29641205322357794,0.10284783478110021,0.02624399999999999
2021-10-26,0.3413952528899059,0.2922508628958942,0.11020707668348112,0.02678999999999998
2021-10-27,0.34359129205912986,0.29957167555201425,0.11094988971983744,0.027657000000000043
2021-10-28,0.3451577532574842,0.3076819438957932,0.10389758474015451,0.026803999999999994
2021-10-29,0.3483673399747596,0.3093069335161354,0.10887096193551862,0.027781
2021-11-01,0.3523088292540904,0.29944294202345617,0.1175046359602008,0.023544999999999983
2021-11-02,0.35530918884989054,0.30447947022740834,0.12523138706476292,0.013558999999999988
2021-11-03,0.3570578287179999,0.3041808804339303,0.12270507529694288,0.01589600000000002
2021-11-04,0.36354686203474873,0.29787788644452307,0.06299027967168325,0.013254000000000044
2021-11-05,0.36471624053645824,0.2943404867017668,0.062967866211294,0.009749000000000008
2021-11-08,0.3649470592774076,0.2918876030712339,0.08502735279723297,-0.013224000000000014
2021-11-09,0.369019074037482,0.2856044727022063,0.06463984789925137,0.0048439999999999594
2021-11-10,0.3719031432395081,0.29331580770801613,0.06494417818469175,0.0010890000000000066
2021-11-11,0.37208255940180174,0.28721126659469276,0.04517759100739285,0.007068000000000019
2021-11-12,0.372567933184946,0.28775784206176974,0.03855456530926146,0.007535000000000014
2021-11-15,0.372747786118569,0.2746049664308721,0.04048721879204803,0.007410000000000028
2021-11-16,0.37390320785023073,0.2791001395895137,0.03307030700740704,0.0016009999999999636
2021-11-17,0.376015498415117,0.2818839948903893,0.03157121196548057,0.005031000000000008
2021-11-18,0.37727295229585645,0.28480102969796306,0.04043231809071507,0.009770000000000001
2021-11-19,0.3763837317522252,0.28855840594669263,0.0427061629640314,0.02560699999999999
2021-11-22,0.3767207817343212,0.27889812109191914,0.046518807224809944,0.018550999999999984
2021-11-23,0.37855337911100345,0.2710400726947241,0.045647442422715845,0.021494999999999986
2021-11-24,0.37952824610751323,0.2720847600633824,0.040195412401897335,0.017745999999999984
2021-11-26,0.37893813984333297,0.2761970530616762,0.12427695934561611,0.03907099999999997
2021-11-29,0.37839718717966014,0.28314860048897794,0.050504288467757896,0.025136999999999965
2021-11-30,0.37738130534153164,0.2873373078659629,0.0847192050554767,0.024384000000000017
2021-12-01,0.37576677411224374,0.2841450649083252,0.09056829389070997,0.02197100000000002
2021-12-02,0.37412790847562755,0.2800132910325491,0.06530653813785364,0.03375300000000003
2021-12-03,0.3726683522439258,0.2705255824536482,0.10479285218278767,0.07258700000000001
2021-12-06,0.36842271507567786,0.25759382113069257,0.016902947135548796,0.042074999999999974
2021-12-07,0.3672267018010283,0.26876750913388614,-0.01418807256845278,0.039592000000000016
2021-12-08,0.3668346983214683,0.280200184105146,-0.03127413160664316,0.043292
2021-12-09,0.368204445763646,0.2657772070846969,-0.010491436673508103,0.033357000000000026
2021-12-10,0.3709128735890165,0.24482360500367767,-0.032040522470065114,0.04288200000000003
2021-12-13,0.3729033416917286,0.24453685568408237,-0.0023904554183630244,0.037943000000000005
2021-12-14,0.37376165738760975,0.2406251803206583,-0.001743427211527926,0.05097500000000005
2021-12-15,0.37372620813653135,0.24040620062881995,-0.019434316166282994,0.032638
2021-12-16,0.37403168389971764,0.251578393511431,-0.0273553573155369,0.03429300000000002
2021-12-17,0.3724792158915194,0.24539684500341358,-0.04128647500282473,0.03090599999999999
2021-12-20,0.3716128291308686,0.23945874270038078,-0.033833871212663624,0.047970999999999986
2021-12-21,0.3726630831247,0.26038594260214076,-0.05512000672742029,0.04503299999999999
2021-12-22,0.3727440813556985,0.2643162160484099,-0.06032290082227393,0.04586700000000005
2021-12-23,0.37328766401009567,0.26353385680764796,-0.0751304940584464,0.03609200000000001
2021-12-27,0.37609812281155813,0.2697232250130502,-0.0748770110505641,0.04024799999999995
2021-12-28,0.37770526464870535,0.2736085940643629,-0.08248838852875001,0.03529500000000002
2021-12-29,0.38022912121226704,0.2756192143446413,-0.0782906362169441,0.033831
2021-12-30,0.3806294610542316,0.2677230909281119,-0.07530011847929147,0.038280000000000036
2021-12-31,0.3834519872330434,0.33564872712491634,-0.05338919591454916,0.03595499999999996
2022-01-03,0.3836038276293711,0.32692506759338064,-0.059542105664882716,0.035275
2022-01-04,0.3829766996552037,0.33314160472457816,-0.0430033463619407,0.03838999999999998
2022-01-05,0.3840224760389468,0.33281849927825957,0.007388009087916925,0.03533999999999998
2022-01-06,0.3842342007334402,0.3336048134362754,0.011642085437076566,0.03902799999999995
2022-01-07,0.3847119243030263,0.3278994650198611,0.01854112180687817,0.029561999999999977
2022-01-10,0.385006080153781,0.32731184816860015,0.02497020834549507,0.045819
2022-01-11,0.38515466079733807,0.3284184765104017,0.010669732980607471,0.04346800000000001
2022-01-12,0.3849521138187625,0.3354876971677869,0.011782032421334354,0.03865299999999999
2022-01-13,0.3859315700238189,0.325045083607846,0.023457829945241815,0.04607699999999998
2022-01-14,0.3859526266935826,0.3228079835877139,0.030986287124384337,0.06360300000000002
2022-01-18,0.3857144955404757,0.3323339151434906,0.060532131702558556,0.054342
2022-01-19,0.3859774341074434,0.3131359862203531,0.07211665521598315,0.051048999999999956
2022-01-20,0.38575484240416963,0.3140405576036263,0.0948721323838509,0.049703
2022-01-21,0.3856436340856939,0.2884219419026726,0.1567702395700593,0.04655100000000001
2022-01-24,0.381273959178044,0.2983152111146244,0.15434340497564392,0.078822
2022-01-25,0.37842161803385144,0.31089588382583166,0.15830595848446005,0.07416699999999998
2022-01-26,0.3768762032122772,0.30305062739584376,0.10732233194281315,0.07916999999999996
2022-01-27,0.375976183516053,0.3059652698578438,0.11982538505622675,0.07006499999999999
2022-01-28,0.37653824103769795,0.3008004490338287,0.0795889974736993,0.079478
2022-01-31,0.3758787062723355,0.29702553751298705,0.06358488918056876,0.06855100000000003
2022-02-01,0.3761579196743253,0.30535907917103,0.03916455721158579,0.05574499999999999
2022-02-02,0.3776053537329352,0.3052171564420642,0.03475718389260324,0.05747200000000002
2022-02-03,0.37810257871847347,0.3090295794716228,0.06624697413581587,0.055259
2022-02-04,0.3781617125702538,0.313667705869655,0.044202661593487236,0.049593
2022-02-07,0.37821981162650864,0.37039465353683687,0.04963859976605012,0.063326
2022-02-08,0.3782611425594273,0.35875998540732823,0.03368222093548584,0.057109999999999994
2022-02-09,0.3785758489330602,0.3581974247960882,0.026203137248577812,0.049846999999999975
2022-02-10,0.37821430885725826,0.35452120248645874,0.05203237799742555,0.05349300000000001
2022-02-11,0.37643839533855344,0.36485272748473857,0.08269500297667948,0.058636999999999995
2022-02-14,0.37595355355458027,0.37299422722336323,0.07618095281092674,0.06823800000000002
2022-02-15,0.3755192608625651,0.3696633284867,0.034300648737624506,0.06402599999999997
2022-02-16,0.375388756217983,0.3667112029624303,0.025866066578534908,0.05616400000000005
2022-02-17,0.3751831582255778,0.3763028640903546,0.055794390951637185,0.06917000000000001
2022-02-18,0.3758038208687998,0.3964950832469221,0.05967175556092108,0.07065499999999997
2022-02-22,0.3734433568267014,0.3737125662113649,0.07606946851578228,0.07192000000000004
2022-02-23,0.37309611521039326,0.3782514470255901,0.11993140183709133,0.07497799999999999
2022-02-24,0.37040489914097297,0.3385883457690897,0.060954080944326805,0.074179
2022-02-25,0.37036197696803463,0.33506927938435943,0.032071170005835925,0.06453700000000001
2022-02-28,0.36968783023505364,0.32096718641326494,0.08471389309237132,0.067824
2022-03-01,0.3695037915755771,0.32583622931134415,0.14425270879567087,0.07964699999999997
2022-03-02,0.3681165906817948,0.31671348532143534,0.08304703323300128,0.05599599999999999
2022-03-03,0.36786935688461647,0.3138711520137809,0.07625406460777984,0.076658
2022-03-04,0.3667422844812046,0.31802858578654525,0.11527249254470123,0.095466
2022-03-07,0.3653231906102065,0.3067374389895935,0.1800373997151306,0.10416000000000003
2022-03-08,0.3543800307118976,0.28021542261393884,0.10070629067522668,0.06889600000000007
2022-03-09,0.3541638015545573,0.28778148160765804,0.05305555064930467,0.08683099999999999
2022-03-10,0.35241040228966947,0.3002404691118055,0.03686254476497114,0.07230300000000006
2022-03-11,0.351593106022595,0.29105900982877253,0.06283571632322826,0.07074999999999998
2022-03-14,0.35156426503044125,0.29581686508706084,0.056481906940498594,0.08102400000000004
2022-03-15,0.3509325216819868,0.352868133262307,0.04730710010644967,0.06521199999999999
2022-03-16,0.350001729518448,0.3492101302796918,-0.027562569142053628,0.058834
2022-03-17,0.3500761230616105,0.34989425877890723,-0.046390013153178866,0.056923999999999975
2022-03-18,0.34909485449187766,0.35349382307279104,-0.07479245906068233,0.05166100000000001
2022-03-21,0.34921449537464366,0.36017312205947283,-0.07977681334092329,0.049176
2022-03-22,0.3494627755214158,0.3599152878356038,-0.10549462026281181,0.04445699999999997
2022-03-23,0.35019856867402277,0.35288695533216885,-0.08811920444634491,0.043654000000000026
2022-03-24,0.35036910285410783,0.3522796747087871,-0.08848244340374445,0.042628
2022-03-25,0.35000090533263073,0.35262741529482733,-0.08688730377510162,0.04017399999999999
2022-03-28,0.35028558785785063,0.34454643513572814,-0.09085058977851984,0.035773
2022-03-29,0.3506563127420496,0.3334000645081429,-0.1023893245620861,0.028380000000000016
2022-03-30,0.35099518607610325,0.33592880970563493,-0.08992964154309235,0.037017999999999995
2022-03-31,0.35233016214870394,0.3216431467613375,-0.06689140693401574,0.027370000000000005
2022-04-01,0.35353216323090975,0.3250866265737617,-0.05507687672388423,0.04075599999999996
2022-04-04,0.3533523227365997,0.32715012838390745,-0.05631682083566314,0.041252999999999984
2022-04-05,0.35277754857948435,0.3164682969672168,-0.018348970717222024,0.043939000000000006
2022-04-06,0.3529731251255945,0.30878981388022364,0.08136692367565823,0.03402499999999997
2022-04-07,0.35261196132605555,0.3120934358086164,0.0861228694149509,0.04593199999999997
2022-04-08,0.3524655865529548,0.2998603175743974,0.10143373929181121,0.043862999999999985
2022-04-11,0.35209665874178686,0.29554263914114554,0.12481786404936851,0.055396
2022-04-12,0.35220088226572743,0.2929554014991915,0.12007852875059938,0.055081999999999964
2022-04-13,0.3541235038365891,0.30282147095029294,0.1071472315569772,0.05221899999999996
2022-04-14,0.353744548021059,0.2692111408594013,0.11632776580750354,0.05682999999999999
2022-04-18,0.3534427700768192,0.2659474600117242,0.13164737118683623,0.059506
2022-04-19,0.35469677552754836,0.26653196063175616,0.12813701276379402,0.05120399999999997
2022-04-20,0.3551847830896874,0.3031259062511229,0.1459429308399397,0.04653199999999996
2022-04-21,0.3546779384924829,0.31219480229543484,0.14283068718284359,0.061446
2022-04-22,0.35511688510022343,0.3065006862898918,0.17123408702315052,0.056181000000000036
2022-04-25,0.3557524263935189,0.3122202622901728,0.17347241874476188,0.06325000000000003
2022-04-26,0.35569156834079396,0.31290586718477414,0.23428749165350032,0.07501100000000005
2022-04-27,0.3559987219145726,0.3147561211942536,0.21048805697360568,0.07749299999999998
2022-04-28,0.35408597136425507,0.32233444033688263,0.18800641895489573,0.06708799999999998
2022-04-29,0.3534718435884453,0.3233245423994494,0.2258012944222782,0.08609100000000003
2022-05-02,0.3508848097722973,0.3341676734016446,0.23609504144720983,0.090198
2022-05-03,0.34731801691600916,0.32997952036721206,0.18973215153500034,0.10031899999999994
2022-05-04,0.34620321792589126,0.32814051325550486,0.12185844824974679,0.10380999999999996
2022-05-05,0.34570905227963666,0.327801762826726,0.08623567116807468,0.07508300000000001
2022-05-06,0.3397248072227528,0.3278155422513715,0.03873951346090737,0.07090400000000002
2022-05-09,0.3392696120051081,0.33327680788599934,0.0853417137706502,0.09347300000000003
2022-05-10,0.3389473939022253,0.3335890690400279,0.054016806272241646,0.09315499999999999
2022-05-11,0.33456557956094246,0.33318681431452163,0.03931062387881995,0.08779099999999995
2022-05-12,0.3306524956395687,0.33485405134219265,0.030135677140724515,0.09195200000000003
2022-05-13,0.33142510537434083,0.33176737323313565,-0.016381438166226447,0.07283899999999999
2022-05-16,0.33124311602274825,0.3312258140242409,-0.012980949414662601,0.07872299999999999
2022-05-17,0.33305901623065537,0.33090393462594964,-0.05607918499574821,0.06670399999999999
2022-05-18,0.33198522636781974,0.33140009945272514,-0.022699326755650062,0.07980599999999999
2022-05-19,0.3309091959953695,0.3313230115296413,-0.052878144827853135,0.06197200000000003
2022-05-20,0.3295163116076673,0.3315957832790504,-0.061417613286781025,0.072106
2022-05-23,0.32981575286638487,0.3314455340137317,-0.05932278684609815,0.06716100000000003
2022-05-24,0.32916587831877986,0.3316692106096521,-0.042001444833536405,0.077519
2022-05-25,0.3275265399817274,0.32895590586479334,-0.05310572911410333,0.067944
2022-05-26,0.32574414141748104,0.3285687190398796,-0.07830153932556327,0.065332
2022-05-27,0.3256402358757995,0.3298285819623336,-0.09920878955455437,0.06963799999999998
2022-05-31,0.3243332680627456,0.32908836703247596,-0.08255340408290684,0.056838
2022-06-01,0.32383898262542654,0.33295350906999555,-0.07558352430118115,0.054661000000000015
2022-06-02,0.3228797297615655,0.3330456141101331,-0.078697330161279,0.06281400000000004
2022-06-03,0.32261135260927376,0.3296413113537315,-0.056170963919922434,0.059680999999999984
2022-06-06,0.3222557411470104,0.3284843046450832,-0.055060505703833085,0.06769999999999998
2022-06-07,0.3226892725784639,0.3376079211302043,-0.01863226705540233,0.058120000000000005
2022-06-08,0.3230015587175467,0.33828409033067064,-0.007675950007403509,0.06070199999999998
2022-06-09,0.32390826058517275,0.3390996549245425,0.023654300767734615,0.056369
2022-06-10,0.3225752230707451,0.3440047737980391,0.08513995421630349,0.067214
2022-06-13,0.31916960766684993,0.34453087147117256,0.1773103524357847,0.09237099999999998
2022-06-14,0.3175718093687011,0.34006480122710153,0.14338384650232405,0.09218900000000002
2022-06-15,0.31737406883878616,0.336243447971894,0.08408279280103864,0.076299
2022-06-16,0.3160469894648594,0.3397987143433573,0.13796848287646013,0.10056500000000002
2022-06-17,0.3155666959945674,0.33947779669127215,0.09667102409377154,0.08438700000000005
2022-06-21,0.3154516985299533,0.33770899090773154,0.0885459115599731,0.08105299999999999
2022-06-22,0.31391489670041833,0.341574515940075,0.09051432382747027,0.06691199999999997
2022-06-23,0.3116151132141446,0.33869326707684355,0.10148091651470426,0.08182299999999998
2022-06-24,0.3107745440575825,0.3433833502109799,0.0668972363794827,0.08012199999999997
2022-06-27,0.3105225640106349,0.3440239196111242,0.07969284678237082,0.08665999999999996
2022-06-28,0.30752936524553715,0.3440332103534446,0.11036306161234322,0.08258900000000002
2022-06-29,0.30637600939458487,0.2704398778778099,0.12042666115439343,0.08228899999999995
2022-06-30,0.30335131595754544,0.2677035341339218,0.1354274560849521,0.09540300000000007
2022-07-01,0.30257907010602536,0.28462946220218943,0.1196733288031478,0.08922000000000002
2022-07-05,0.2994334212688355,0.28528531423867515,0.13965876948666928,0.08872800000000003
2022-07-06,0.29892575156061,0.2844501404000541,0.1350976871233313,0.07474800000000004
2022-07-07,0.29885849099067857,0.2844025319197814,0.1387393969027239,0.06673400000000002
2022-07-08,0.2976840804101909,0.28513073466833927,0.11769566953216032,0.06754899999999997
2022-07-11,0.2972861359308412,0.28340008020786533,0.1402328082734413,0.08104499999999998
2022-07-12,0.2966515100359078,0.28394600805945575,0.13117983009002654,0.07427699999999998
2022-07-13,0.295106394062249,0.2797706108418113,0.13642269734343987,0.07332700000000003
2022-07-14,0.29499822411730936,0.27514291622466347,0.15246992442349527,0.07740199999999997
2022-07-15,0.2945289494831177,0.2735503685930584,0.12465363562138665,0.07240199999999997
2022-07-18,0.29265645661071654,0.27416657780681475,0.14362027673939698,0.06360100000000002
2022-07-19,0.2927851332315825,0.29729216839050276,0.12759055640747485,0.06334699999999999
2022-07-20,0.292309735491053,0.2971047072849072,0.12303377925385756,0.06257499999999999
2022-07-21,0.2915187420199335,0.26779872464061444,0.11030167793631712,0.051095999999999975
2022-07-22,0.2911521478971386,0.2511465009944005,0.10665796932065769,0.06421500000000002
2022-07-25,0.29080977470758135,0.2455158255956625,0.11673903252309437,0.06307600000000002
2022-07-26,0.2918716365654487,0.2354393456592489,0.14672188496625244,0.05658399999999997
2022-07-27,0.29051530455262164,0.2631719292608404,0.11750463766244346,0.049088999999999994
2022-07-28,0.28963441007603624,0.27253036303492,0.11454424817317144,0.06126300000000001
2022-07-29,0.28932478192033645,0.2803363458093489,0.12662715222725035,0.06055100000000002
2022-08-01,0.28786574718181634,0.2740748181884065,0.1448657550828954,0.06038100000000002
2022-08-02,0.28793254020413955,0.27380674813363787,0.1598256562110249,0.059695
2022-08-03,0.28767324520007564,0.2737591701761379,0.2037438934111122,0.050966999999999985
2022-08-04,0.2864015086646482,0.25777341694769446,0.07979866353261417,0.04320400000000002
2022-08-05,0.2854993661273314,0.2724075256538563,0.06947179735447073,0.04756900000000003
2022-08-08,0.28548046244667263,0.27202801889646494,0.08312832297785172,0.04662900000000003
2022-08-09,0.28575979621573416,0.2708463812852896,0.08575387463363837,0.050824999999999954
2022-08-10,0.2857293085579269,0.2522379627472295,0.06324771077890656,0.05036400000000002
2022-08-11,0.28618182061191166,0.27292177047168426,0.06311251890598024,0.04464699999999999
2022-08-12,0.2864157554905513,0.26755427781755564,0.049567259754979665,0.055456000000000005
2022-08-15,0.2861999652641982,0.25211953569495227,0.0655693990655899,0.04766999999999999
2022-08-16,0.28609292842626943,0.24819213842548754,0.06165813234925965,0.044464000000000004
2022-08-17,0.28671043824872894,0.26590961231503424,0.07192524901340935,0.050898
2022-08-18,0.28639118042989276,0.27842769420618796,0.07301798367345186,0.05060199999999998
2022-08-19,0.28628055651613404,0.2779688809872894,0.07808171480039922,0.05653600000000003
2022-08-22,0.2849557669293971,0.2910175601116848,0.1221999206029134,0.05482300000000001
2022-08-23,0.28599642241961143,0.2926563861372375,0.11945274550059753,0.048426000000000025
2022-08-24,0.2870318431536432,0.28860284111139706,0.10465738382865464,0.050265000000000004
2022-08-25,0.2868480191206911,0.2858354340619286,0.10203065603262906,0.04628300000000002
2022-08-26,0.28536258921910046,0.2884260137163055,0.12563878901990339,0.03866000000000003
2022-08-29,0.2848914544707033,0.2855843258854065,0.1394318736817624,0.033757999999999955
2022-08-30,0.2845694755530551,0.27561821916452056,0.15326663086844122,0.04560200000000003
2022-08-31,0.2840485379054271,0.258173001031758,0.1508943468384627,0.04083300000000001
2022-09-01,0.28177688503738824,0.27535053355200184,0.1322030799072002,0.05577099999999996
2022-09-02,0.28134180939618064,0.2747407558447281,0.13357729479153163,0.05700500000000003
2022-09-06,0.2793682047298242,0.28722307192366364,0.1512712148624683,0.06278800000000001
2022-09-07,0.2784597121749361,0.2654728164821375,0.1196847747099718,0.04492099999999999
2022-09-08,0.2774853963821016,0.269056327752894,0.10496618973150329,0.06002400000000002
2022-09-09,0.27698742572602336,0.2657129034691502,0.09704125647132172,0.055392
2022-09-12,0.27728129105307375,0.2690896652278515,0.0978131382312461,0.04059299999999999
2022-09-13,0.27683835071677143,0.27348496262125516,0.13069915945012672,0.047926000000000024
2022-09-14,0.2757181314851176,0.2759507160448187,0.11333027131442397,0.06920799999999999
2022-09-15,0.2744544735229265,0.27723608537082994,0.10197237182361013,0.05467299999999997
2022-09-16,0.27332895842186433,0.27765054407447576,0.1126860954131984,0.054769999999999985
2022-09-19,0.2730980053447084,0.2801496943669898,0.1049410539493773,0.053589
2022-09-20,0.27273244559509424,0.2777808046349519,0.10627457446499428,0.046072
2022-09-21,0.2736996557819735,0.275916661606548,0.14075850792944,0.018612000000000017
2022-09-22,0.27276897395510363,0.28668968531680755,0.14425254134059523,0.04767699999999997
2022-09-23,0.27164090167958216,0.2861385417978701,0.14596050977575226,0.07911199999999996
2022-09-26,0.2708202333911498,0.28545637189763573,0.1794734808176628,0.06547700000000001
2022-09-27,0.2694249530434355,0.285476636574327,0.1791446725793493,0.08522799999999997
2022-09-28,0.2675023003350521,0.28335928031353874,0.1476271492626916,0.06387599999999999
2022-09-29,0.266879063085647,0.283673661005351,0.17303132213641143,0.076928
2022-09-30,0.2651070739164789,0.275282454428554,0.1608400773690845,0.06854900000000008
2022-10-03,0.26240418323898024,0.28113429396419864,0.15111423344218577,0.07910799999999996
2022-10-04,0.26242738213961125,0.27205277135179756,0.1393410269446157,0.07137499999999997
2022-10-05,0.2623485590466727,0.27972348051029683,0.16024046564953764,0.07568399999999997
2022-10-06,0.2616892224317337,0.278508193277032,0.17713389181389444,0.07409499999999997
2022-10-07,0.2612223988952757,0.282779284807096,0.19823122494209344,0.078735
2022-10-10,0.26077414150752415,0.2831792956955886,0.2223284830540564,0.07351399999999997
2022-10-11,0.2603131011027992,0.2859598546425142,0.22432673321477847,0.09107399999999993
2022-10-12,0.25921958251539284,0.27851996931673384,0.2225065255919768,0.09626499999999999
2022-10-13,0.25550118636253555,0.27851763771024846,0.19740282182305935,0.09288399999999997
2022-10-14,0.2536801210064872,0.2790776286200725,0.18577056478051768,0.08732299999999993
2022-10-17,0.25310762689793614,0.27774248955876985,0.1909876995504332,0.08686900000000003
2022-10-18,0.2512971425782748,0.2684085855273379,0.18458587604277898,0.07952400000000004
2022-10-19,0.2507641467571739,0.26933617562394224,0.193258616474155,0.07812100000000005
2022-10-20,0.24864908166695537,0.28315123649048224,0.17463791566436093,0.061133999999999966
2022-10-21,0.24701641833313603,0.2880742506373634,0.15056175797690968,0.06864900000000002
2022-10-24,0.24553796872502315,0.28951692966185855,0.1639179986506772,0.06682300000000002
2022-10-25,0.24546162189950413,0.2753956428106932,0.1549577279750779,0.07218199999999997
2022-10-26,0.2437082504731358,0.2706210535983244,0.12692604781080796,0.049124
2022-10-27,0.24308006973066193,0.2709050673173288,0.13565348620872014,0.053176999999999974
2022-10-28,0.24168500781602079,0.27510353258002157,0.1211145975246346,0.073247
2022-10-31,0.24120142877077358,0.2831215424762128,0.13219826818322755,0.058721999999999996
2022-11-01,0.24085391023515162,0.2818940551738256,0.14061001793993827,0.05577000000000004
2022-11-02,0.24035114791010323,0.2829161293630422,0.12978238961753702,0.043819
2022-11-03,0.23743555538439942,0.2740113555084488,0.051164165684248364,0.02803
2022-11-04,0.23597643491452117,0.2879807182898192,0.04509580926067597,0.05596800000000002
2022-11-07,0.23314859765747867,0.2968191498410219,0.050659582277398696,0.04091
2022-11-08,0.23123925171094467,0.28993133362117207,0.0421549710524608,0.04907
2022-11-09,0.23020036570190794,0.29057940717274594,0.03486611933467909,0.055369
2022-11-10,0.2295570921202786,0.2880294189576798,0.007786969660720011,0.061599000000000015
2022-11-11,0.22766102651118256,0.286759136655837,0.012463600235476713,0.04653299999999999
2022-11-14,0.2274377899899173,0.285010429419176,0.0162463461129444,0.04377499999999995
2022-11-15,0.2246552244131508,0.2858292264569912,0.014015163196320235,0.053284
2022-11-16,0.2239968512502648,0.2866761498027719,0.01486754088074893,0.05218900000000004
2022-11-17,0.2227533244017862,0.28779890478950687,0.023224998609223835,0.06518200000000002
2022-11-18,0.2223042167355772,0.287308885493853,0.010790132047762191,0.059794000000000014
2022-11-21,0.22163045314786214,0.28055528898629256,0.020223484194119512,0.048702999999999996
2022-11-22,0.2212581620932577,0.24610976852089747,0.0076684663302898914,0.049904000000000004
2022-11-23,0.22163548672359298,0.24618559465327405,0.011705490339578573,0.04798999999999998
2022-11-25,0.22249502825959191,0.2493177739589573,0.0280289593041802,0.042586999999999986
2022-11-28,0.2236510977872821,0.24569733485368295,0.030296990774768162,0.045669000000000015
2022-11-29,0.22410255673908924,0.2467757062477774,0.03292331676536975,0.047927
2022-11-30,0.22306422546452512,0.25170869121345313,0.008120196355966947,0.058350999999999986
2022-12-01,0.2221833261337974,0.25188816835334654,0.016827678538209656,0.03107199999999999
2022-12-02,0.2213121424266189,0.24857067648907646,0.014610546998479412,0.03959499999999999
2022-12-05,0.22190226046148884,0.253817473022924,0.04209237068865246,0.03592099999999998
2022-12-06,0.22159768042899977,0.24946017987913768,0.05585812982846905,0.036495
2022-12-07,0.22157858183037338,0.24940576133310283,0.09673231968839918,0.037161
2022-12-08,0.22025511677003926,0.24866967898504944,0.08457640456002724,0.04827999999999999
2022-12-09,0.22012140937429264,0.2489704568591132,0.08527563629672169,0.040368000000000015
2022-12-12,0.2197993143129532,0.24845421419579078,0.09284446128153406,0.05251499999999998
2022-12-13,0.2186697046899975,0.2483588119325563,0.07869670424866815,0.029700999999999977
2022-12-14,0.21668610205124225,0.24658522810164346,0.06393574935276891,0.031909999999999994
2022-12-15,0.2173091624302624,0.24063107943171086,0.09041967956506469,0.04438199999999998
2022-12-16,0.2168382709506079,0.24482795898634757,0.08098415519431196,0.027683000000000013
2022-12-19,0.21629739513238896,0.24219997316163114,0.09829670518255101,0.02938200000000002
2022-12-20,0.21638685232949348,0.24709381805462963,0.09503796824886629,0.033235000000000015
2022-12-21,0.2166046648753433,0.24704187988138626,0.10101248030191784,0.022370999999999974
2022-12-22,0.21681866513251333,0.24590908509811102,0.11074832316565347,0.03637699999999999
2022-12-23,0.21684068095310335,0.24076875992661748,0.10015277440622564,0.051866999999999996
2022-12-27,0.21609718872898181,0.24707457021306226,0.11645070359497817,0.03980300000000003
2022-12-28,0.21445555496541388,0.24840799896414623,0.1072473765812747,0.034297999999999995
2022-12-29,0.21469548908657057,0.2376877551883131,0.11584134843092386,0.03571799999999997
2022-12-30,0.21492570246783135,0.241595205616609,0.1174684712257778,0.048012
2023-01-03,0.2142078086947007,0.23675241449222575,0.1369810025334565,0.032487000000000044
2023-01-04,0.2135499243517468,0.2357000525481165,0.10093224467460407,0.06366499999999997
2023-01-05,0.2134739193453986,0.23453849422400339,0.11510398333364266,0.029797000000000018
2023-01-06,0.21325360860755,0.23699451560322074,0.1023882617867225,0.026791999999999982
2023-01-09,0.2130671092539489,0.24045316849658382,0.0945306172128293,0.034268999999999994
2023-01-10,0.2126059277437296,0.2378191315157903,0.09377230291315666,0.04300399999999999
2023-01-11,0.21250731154354946,0.2393467239697339,0.09962211534332618,0.032559000000000005
2023-01-12,0.21236454746435424,0.2308912776524473,0.0970284822828503,0.039120000000000044
2023-01-13,0.2122979721778899,0.2257840421689337,0.08216019142750416,0.049348
2023-01-17,0.21287733945247891,0.2262400491064735,0.10723114083763077,0.04575699999999999
2023-01-18,0.21225010559929733,0.22670507337858592,0.10532704685398664,0.03173699999999996
2023-01-19,0.21228187056920203,0.227089778377039,0.11153900755658283,0.044211
2023-01-20,0.21261691778945338,0.22825211620460378,0.10156831746016279,0.04536800000000002
2023-01-23,0.21240433636852127,0.2285878233502083,0.11234729033702268,0.05304599999999998
2023-01-24,0.2122993553277545,0.2302967608950402,0.11458698577849002,0.04842599999999997
2023-01-25,0.21090129013391226,0.23406048318809133,0.11129706112233781,0.05385400000000001
2023-01-26,0.21087200641273496,0.23430139863408692,0.11116997683131019,0.04550900000000002
2023-01-27,0.21087470890250434,0.23671446686811334,0.1224526597506502,0.049614999999999965
2023-01-30,0.21037548722335256,0.23167794691429938,0.14979151000473492,0.039107
2023-01-31,0.21045976046289375,0.22989300343850427,0.14179737021523522,0.05687199999999998
2023-02-01,0.20930924829780054,0.22912582212539842,0.12549810268966996,0.06049199999999999
2023-02-02,0.21867005870951425,0.22798511856981296,0.12595174086399477,0.061202000000000034
2023-02-03,0.21945389567298404,0.2278276376101432,0.12454112766394324,0.05234899999999998
2023-02-06,0.21989806732571784,0.23014699138761996,0.13323692005423102,0.052215999999999985
2023-02-07,0.218283584104289,0.23176832006873296,0.12441927702175348,0.05847100000000005
2023-02-08,0.21752280529783646,0.23500831228120259,0.13798709051293756,0.03718199999999999
2023-02-09,0.21711411939800224,0.23477699143535005,0.1428779069692896,0.02108199999999999
2023-02-10,0.2158035984194358,0.23493029021241146,0.13171733164499222,0.05225400000000002
2023-02-13,0.214852759776371,0.2368845680236223,0.14028815240758064,0.04622499999999996
2023-02-14,0.2141603196838613,0.2387103359768868,0.1308142888707857,0.04365600000000003
2023-02-15,0.2145367615525832,0.2412577075092117,0.12459299809641305,0.04816300000000001
2023-02-16,0.21351685984787386,0.24035279168660384,0.12391236659639568,0.030699000000000032
2023-02-17,0.2138402057020962,0.24065151390865436,0.11965342986310457,0.03887299999999999
2023-02-21,0.21361692591218795,0.24437655371877628,0.14846828575362195,0.030878000000000017
2023-02-22,0.214060896519142,0.24578257642513693,0.13271260796570314,0.047236
2023-02-23,0.2132696406552903,0.2444484153306095,0.12479472351233731,0.02826899999999999
2023-02-24,0.21108383394479954,0.2427464273971417,0.057845541654141686,0.03802899999999998
2023-02-27,0.21065963866966447,0.2407122335261295,0.05956332661968297,0.03674099999999997
2023-02-28,0.21025723475210586,0.24434467335019236,0.05534603930882945,0.036133000000000026
2023-03-01,0.21051008347025701,0.24406307388475976,0.05405377295851868,0.037399000000000016
2023-03-02,0.210332963329507,0.2563292771109422,0.048428202453344116,0.04436500000000004
2023-03-03,0.21027893961525992,0.27797916852860116,0.04875079212524344,0.04200999999999999
2023-03-06,0.21040140034406368,0.27904841936780167,0.04472891153856132,0.03999999999999998
2023-03-07,0.2097077624485137,0.2394987821676502,0.04797784246343362,0.04367300000000002
2023-03-08,0.20995450012428055,0.23723940130031895,0.04650031837849547,0.039400999999999964
2023-03-09,0.2088532495861232,0.23710135740620414,0.07888190383338192,0.03194600000000003
2023-03-10,0.20780249361833864,0.23233829600043618,0.09261034154604494,0.04778100000000002
2023-03-13,0.2080644899074923,0.2350477767723451,0.11162712941641187,0.05581900000000001
2023-03-14,0.2076154888667624,0.22819867706139388,0.08667140408982585,0.06350899999999998
2023-03-15,0.20874796133253684,0.22749459346990222,0.11792525936948611,0.07046899999999995
2023-03-16,0.20904326082700003,0.22280745716773465,0.10105413484525028,0.053368000000000027
2023-03-17,0.2087023179364807,0.21755043624778855,0.10358851550784595,0.06719200000000003
2023-03-20,0.20810713291129437,0.21945183286891473,0.10476356059796846,0.059187000000000045
2023-03-21,0.20769926376271694,0.2242343889290644,0.07124328526339768,0.06308799999999998
2023-03-22,0.20705039334137443,0.22555281065515292,0.08985792596295528,0.03612299999999996
2023-03-23,0.20515266015382388,0.22504843078546288,0.08460794188683274,0.06040300000000004
2023-03-24,0.20525247912981118,0.22768882216970285,0.10257685715922824,0.06401100000000004
2023-03-27,0.20542535037023452,0.2275239280118445,0.1136982265375173,0.05198599999999998
2023-03-28,0.20543102825908302,0.23266268943720192,0.10751925581131289,0.054027999999999965
2023-03-29,0.2058281076937726,0.2299417057983615,0.09550626450126565,0.05524399999999996
2023-03-30,0.20619438387087716,0.22873045944902376,0.09946904096228149,0.05537199999999998
2023-03-31,0.20629567536582988,0.22422370452503498,0.0945808991530063,0.063942
2023-04-03,0.20738303847841966,0.2236686289724955,0.10960068647181695,0.05507000000000001
2023-04-04,0.20722279902227625,0.22265560220500552,0.11220155752332775,0.05720599999999998
2023-04-05,0.20732768405842655,0.22272037472402179,0.12509177299897947,0.06197400000000003
2023-04-06,0.20671969756185674,0.22222240576726207,0.12328058363863229,0.053315
2023-04-10,0.20836809091740904,0.2224248958471793,0.12977478588623056,0.061776
2023-04-11,0.20904454399536931,0.2220264166297376,0.12737587532151792,0.05546599999999996
2023-04-12,0.20922686394398313,0.2244355239709502,0.13252904244723307,0.057221999999999995
2023-04-13,0.2092360000016706,0.22752407825608748,0.12049421224166404,0.057053999999999994
2023-04-14,0.2109503040105616,0.22519580259369149,0.11866316717011288,0.05167099999999997
2023-04-17,0.21119206447815095,0.22518520411535178,0.1132313075162577,0.062975
2023-04-18,0.21125791696045218,0.22042333627114544,0.12026013667836355,0.049194000000000015
2023-04-19,0.2124126323497824,0.22168174747399638,0.12257078297981802,0.054657999999999984
2023-04-20,0.21258251405563663,0.22085467246664992,0.12628730646293046,0.059165999999999996
2023-04-21,0.21219404868392827,0.22454962343912754,0.11452827119039463,0.06794
2023-04-24,0.21372173341925824,0.2223646375809822,0.13590216257456422,0.060619000000000034
2023-04-25,0.21407271343919795,0.22057340197311118,0.1622616360097697,0.04369899999999999
2023-04-26,0.21331814174027725,0.22118235050359353,0.180486964292472,0.062358000000000025
2023-04-27,0.2135809878819767,0.222780063535735,0.15219924414517694,0.05796800000000002
2023-04-28,0.21326817614792595,0.22184034539685865,0.129904333293682,0.046789000000000025
2023-05-01,0.2133000448185131,0.221403456191593,0.13865981895207757,0.049972000000000016
2023-05-02,0.21330540862263464,0.2218744354559095,0.1428285507486151,0.04771000000000003
2023-05-03,0.21299394747926945,0.2207235963024476,0.15112086020323717,0.048707
2023-05-04,0.214369268897611,0.2232202119202199,0.14442205766750732,0.055512000000000006
2023-05-05,0.21176269728307376,0.22108689798902384,0.06002248178368311,0.04502399999999998
2023-05-08,0.21306462181763874,0.22322357632285902,0.03746886850690109,0.04608200000000001
2023-05-09,0.21302913509986746,0.2231673462998713,0.04871461071404529,0.044782000000000016
2023-05-10,0.21191631767848645,0.2211819447005626,0.03430132369004871,0.041853
2023-05-11,0.2118779849309297,0.22100882764582777,0.034323808231982,0.04093800000000003
2023-05-12,0.2121323786616029,0.22503149154062665,0.04043682407713356,0.03897000000000003
2023-05-15,0.21273193847583127,0.22543489093271527,0.0383273327838696,0.047572
2023-05-16,0.21237505684726643,0.22596392407968782,0.04269128369300562,0.03204700000000002
2023-05-17,0.2123788195993008,0.22526582392389513,0.02210953901126647,0.038916000000000006
2023-05-18,0.21211870226895405,0.22624306672468375,0.018329127437104825,0.04731100000000002
2023-05-19,0.2125133843880706,0.2257806599307962,0.022485209476112156,0.04089799999999996
2023-05-22,0.21118232641002463,0.2265257182945783,0.03010199665693422,0.04387299999999997
2023-05-23,0.21066125278547185,0.22658155159930693,0.03611426261267231,0.04270200000000002
2023-05-24,0.2099888040353939,0.2290009071492145,0.04145694400594763,0.04175599999999996
2023-05-25,0.2090034602044111,0.22874986707807102,0.03870331491090778,0.048805000000000015
2023-05-26,0.20765016539042852,0.2286672867974341,0.03924381985280201,0.045920000000000016
2023-05-30,0.20635597653302296,0.2289905418335319,0.04976521246005386,0.046272000000000035
2023-05-31,0.2057377702793516,0.22794302057921717,0.036576376199037086,0.05002699999999999
2023-06-01,0.2052433580041012,0.22581009078835743,0.014637708231932861,0.03736999999999999
2023-06-02,0.20569238518556862,0.22477679740828668,0.002206517515513373,0.029789000000000038
2023-06-05,0.20656210860669763,0.2247479375961556,-0.004092969754793535,0.03881100000000001
2023-06-06,0.2063952968236642,0.22768033323280518,0.0071598618076635645,0.03696299999999997
2023-06-07,0.20559539562506343,0.2273394453469362,0.029959482751169053,0.03557100000000002
2023-06-08,0.20478666968532483,0.22691513168172353,0.01727194491198708,0.03366000000000002
2023-06-09,0.20380897801524844,0.22696564611409284,0.02958587339029306,0.03404700000000002
2023-06-12,0.20462421945299805,0.22681546792636245,0.031151629427717348,0.03556000000000001
2023-06-13,0.2043432532748444,0.2268721588609245,0.019587683190568334,0.03960999999999998
2023-06-14,0.20427954236484577,0.22693628230054122,0.01095159442571364,0.03712700000000002
2023-06-15,0.20409321009776374,0.2263346743101435,0.009188625642788995,0.02545300000000003
2023-06-16,0.20390627815013163,0.2263387575207794,0.015250676492928522,0.02837300000000001
2023-06-20,0.20302800859419495,0.22730452494279443,0.013903593677916076,0.026812999999999976
2023-06-21,0.20271261195272322,0.22724885526214328,0.00524958545412621,0.019360000000000016
2023-06-22,0.20300307050747474,0.22742935022825636,0.009629587463223288,0.025088
2023-06-23,0.20266068506480056,0.2262794750167279,0.020546537026651934,0.023959000000000008
2023-06-26,0.2022374333969126,0.22506403229939084,0.032662596428519014,0.014964000000000005
2023-06-27,0.2012721528647458,0.2275057795064084,0.033125732931816004,0.018528000000000017
2023-06-28,0.20051674566061695,0.22469827439730836,0.04254823522392304,0.03014
2023-06-29,0.2000251597607339,0.22744822544135707,0.056601695317829825,0.018726999999999994
2023-06-30,0.19982547601362233,0.22129558535533253,0.05655743662904236,0.02055199999999996
2023-07-03,0.1994849870478992,0.22247841497783347,0.06706202314779222,0.024939999999999962
2023-07-05,0.19962608735323797,0.22244450922057188,0.08315344095367627,0.030588999999999977
2023-07-06,0.20009664311987935,0.2224314073627179,0.09512330080582962,0.02528999999999998
2023-07-07,0.20033829812597656,0.22270944390920636,0.0843490905400763,0.027324999999999988
2023-07-10,0.19966156763280163,0.2227779421812157,0.11012488219444641,0.03192400000000001
2023-07-11,0.1992627783314261,0.22298163922863168,0.11449361296115851,0.024778999999999995
2023-07-12,0.1990783163178008,0.22470186268223333,0.11362188079332355,0.026563999999999977
2023-07-13,0.19936107487571228,0.22487608307565937,0.11839465565964372,0.022438000000000013
2023-07-14,0.19944887100879805,0.22523079301056817,0.11650453803276395,0.027144
2023-07-17,0.1989557083938306,0.22544669610393647,0.13711430531769617,0.02412299999999995
2023-07-18,0.19869707537687964,0.2255711216912243,0.13688628049075,0.030003999999999975
2023-07-19,0.19841865831110886,0.22543722657575394,0.14267885610178654,0.02783800000000003
2023-07-20,0.19802329446995365,0.22542846965722124,0.13916570315952112,0.026811999999999947
2023-07-21,0.20110444340078337,0.22534322078901237,0.1424142127595985,0.013012999999999997
2023-07-24,0.200679606926278,0.22511209404745952,0.13853454822862035,0.022953
2023-07-25,0.2001980651720959,0.22501392616473398,0.14387417909789274,0.016984999999999972
2023-07-26,0.2001596305387446,0.22499856311935693,0.14811676286884284,0.026346000000000036
2023-07-27,0.20034301118164438,0.22572939986870452,0.1557421522619179,0.02661600000000003
2023-07-28,0.20088553741876725,0.22499930286478706,0.15810899114748528,0.026744999999999963
2023-07-31,0.2006913144847866,0.2256670069385822,0.14621486594678754,0.023388999999999993
2023-08-01,0.20093736798974876,0.22564251838997648,0.1600172342020978,-0.0014179999999999748
2023-08-02,0.20181099006549535,0.22512344401275333,0.15156173957315505,0.013952999999999993
2023-08-03,0.2019387614273476,0.22540631347762244,0.1496474143883296,0.020307999999999993
2023-08-04,0.19152066979531515,0.2248841842131366,0.029462862442411142,0.029525000000000023
2023-08-07,0.18984808166971506,0.2190213882686728,0.020053964884113817,0.03127300000000005
2023-08-08,0.19020402630908773,0.21926025358787116,0.02240086748045808,0.030173000000000005
2023-08-09,0.19106901242611535,0.2192310126514848,0.02170662104382859,0.026104000000000016
2023-08-10,0.1918963688056228,0.22024141980008138,0.008245549906369942,0.032660999999999996
2023-08-11,0.19220672100999514,0.22047266762400144,0.0028867967496887803,0.037581
2023-08-14,0.1929892891033208,0.2203821389558646,0.0018043308182655593,0.033915999999999974
2023-08-15,0.1938624811210505,0.21923422813277324,0.020602650206169193,0.029168
2023-08-16,0.1938557647331305,0.21972468613356877,0.017531835162004294,0.02837099999999998
2023-08-17,0.19316173180839485,0.21931539487133575,0.029970848392188,0.03157299999999996
2023-08-18,0.19283473912512342,0.21931558075960625,0.02758659257561419,0.038673999999999986
2023-08-21,0.1922971553193343,0.21918550113119328,0.027467317472408992,0.02968000000000004
2023-08-22,0.19434788656426114,0.2192115707819898,0.02429747509663721,0.029170999999999975
2023-08-23,0.19629790142149667,0.22009314144401043,0.012683242546039974,0.032742999999999994
2023-08-24,0.19596880434710928,0.21912848487280523,0.024701815117639386,0.033274000000000026
2023-08-25,0.19627990292792455,0.22043102452799976,0.009656730858115109,0.026089
2023-08-28,0.19650679751649114,0.2206214938010786,0.00041421275620837084,0.03231300000000001
2023-08-29,0.196700216966712,0.2198938774526779,4.207909360470774e-05,0.02044299999999999
2023-08-30,0.19688851790468354,0.22081668500166007,-0.011656570686312678,0.02673500000000001
2023-08-31,0.1968238814527684,0.22033634979162206,-0.010785572350320127,0.026869000000000004
2023-09-01,0.19706764669254487,0.2218686309372847,-0.01697567109067688,0.03178500000000001
2023-09-05,0.1968729882135775,0.21949623220472114,0.05130120441881189,0.023369
2023-09-06,0.19733822256730635,0.2189979346031641,0.0642594490539121,0.025257
2023-09-07,0.19730773592511652,0.21894943907411585,0.07975084697675663,0.02853200000000003
2023-09-08,0.1979450333578655,0.21967889222663708,0.06077747902371569,0.029285000000000005
2023-09-11,0.19803529425664243,0.21996199806398373,0.06047499562504355,0.026255
2023-09-12,0.1976853181479642,0.2173756788036138,0.06581746375549505,0.027611999999999998
2023-09-13,0.19743508123142325,0.2172119277821603,0.0714822877202414,0.027223000000000025
2023-09-14,0.19571691195528595,0.21900030777239413,0.04604736724044675,0.028434000000000015
2023-09-15,0.19505775059686742,0.21798033015239127,0.048287954221636786,0.024743999999999988
2023-09-18,0.1946618779366408,0.21798392170539158,0.04606454086166131,0.030052999999999996
2023-09-19,0.1964023408845841,0.2178059087476753,0.05545319864223283,0.02799199999999999
2023-09-20,0.19699518538016783,0.2178696601259216,0.06519387510749547,0.023351999999999984
2023-09-21,0.19697313620262688,0.21799724948649957,0.07979015361609351,0.03101900000000002
2023-09-22,0.19673392382723287,0.21800388354616546,0.08454079780424822,0.032676999999999984
2023-09-25,0.19614626917388783,0.21828496374457548,0.09696214016717278,0.036995
2023-09-26,0.19603550644185325,0.21833280579889666,0.1207236696572046,0.037553999999999976
2023-09-27,0.19592667795591076,0.21894370645473904,0.10602675538310952,0.04425899999999999
2023-09-28,0.19642897845694765,0.21892058809027753,0.10696922905293574,0.04002500000000003
2023-09-29,0.1959877657116215,0.2189253350239753,0.10554777941494176,0.04289599999999999
2023-10-02,0.19586261122187104,0.2191695618256656,0.1245491366574367,0.03950099999999995
2023-10-03,0.19582603123656056,0.21875615269322257,0.1375361405547166,0.03890600000000005
2023-10-04,0.19590378558137805,0.22001095936045145,0.12766689041469395,0.04414499999999999
2023-10-05,0.19549568278178361,0.21919028529160894,0.1361864989887959,0.043718000000000035
2023-10-06,0.19643587978233723,0.21944418250467684,0.12027295748848948,0.039327
2023-10-09,0.19524538980866443,0.22021048923240275,0.13408154348213722,0.04787600000000003
2023-10-10,0.19527927080536517,0.21903003452654674,0.11422863600982083,0.04134399999999999
2023-10-11,0.19602505848685836,0.21934768318382508,0.1123895936715407,0.04198000000000002
2023-10-12,0.19789854348034205,0.21916579522845225,0.11376693041642791,0.04028100000000001
2023-10-13,0.1960263900799208,0.2190588887609116,0.1472308229376083,0.04924299999999998
2023-10-16,0.19630288328512938,0.21858580858808818,0.12870796805507026,0.042647999999999964
2023-10-17,0.19636058564370243,0.21586820240351426,0.1232159856133363,0.04508400000000001
2023-10-18,0.19575283481651193,0.21668316391573025,0.15691293991482536,0.05902400000000002
2023-10-19,0.19582520987542057,0.2307362782760003,0.1505876160896623,0.05867100000000003
2023-10-20,0.19584369835898824,0.22705399164706075,0.14636235440428316,0.060960000000000014
2023-10-23,0.1945580591240578,0.22248756340801723,0.12540397744294507,0.06271699999999997
2023-10-24,0.1946644088797426,0.21892079975028936,0.12176965155210662,0.05209999999999998
2023-10-25,0.194519954849004,0.22081549445532594,0.14217562446578505,0.05980200000000002
2023-10-26,0.1932030171054514,0.2189486581333612,0.15561629724048054,0.060029
2023-10-27,0.19293891572201086,0.21861103141343952,0.1359255444122359,0.06035700000000005
2023-10-30,0.1936427719120313,0.22049956751052494,0.1227249386219188,0.051068999999999976
2023-10-31,0.19490136405524366,0.21998618922574587,0.11285482724039084,0.039175000000000015
2023-11-01,0.19819856644775435,0.21797767349935376,0.09516200011583822,0.041190000000000004
2023-11-02,0.19780650652120163,0.2159650125376693,0.07999156360549467,0.030667
2023-11-03,0.19666460753130918,0.21589880315063115,0.014151813848062383,0.030084999999999973
2023-11-06,0.19555195503824593,0.21613024301002065,-0.011138112927758514,0.034582
2023-11-07,0.19643034505273366,0.2166192984067065,-0.009288501190810317,0.03041000000000002
2023-11-08,0.19626120083518814,0.21743529135973447,-0.010105413560861087,0.029476000000000002
2023-11-09,0.19705384221633473,0.2179217881642816,-0.005892879163812842,0.036732000000000015
2023-11-10,0.1965475241428775,0.21804143765038767,-0.009662439229416925,0.022697000000000023
2023-11-13,0.19601834947242822,0.21771980358505577,0.004038134812269084,0.027667999999999998
2023-11-14,0.19593211762481133,0.2193039835092924,-0.00802236435528439,0.023740999999999984
2023-11-15,0.1955016114998503,0.21889343019640262,-0.0014738742668131966,0.021976999999999997
2023-11-16,0.19520680154076012,0.21893844912122618,-0.0004785162445570812,0.02646599999999999
2023-11-17,0.1953497512785321,0.2190769548664639,0.0023651762703118806,0.022495000000000015
2023-11-20,0.19560696328992014,0.2194519907829779,-0.012478369158368474,0.020978999999999998
2023-11-21,0.1965981691730465,0.21647176049284092,0.0026424944308389153,0.015112999999999988
2023-11-22,0.19678621678048186,0.21663354118168154,0.004578562922349871,0.0031130000000000047
2023-11-24,0.1970802381575014,0.21672221652826518,-0.006226277312326889,0.022703
2023-11-27,0.19695423359172645,0.21763927777481623,0.011096618531149405,0.01860400000000001
2023-11-28,0.1974641447279394,0.21757580375782445,0.013015783779413481,0.023629999999999984
2023-11-29,0.19715065138665455,0.21780492115110978,0.014597488769773265,0.02446100000000001
2023-11-30,0.1973979313188739,0.21756497972863706,0.017584116121564103,0.021134000000000014
2023-12-01,0.19638830370916355,0.21712649311234333,0.015903811628606157,0.01666300000000001
2023-12-04,0.1962698574275038,0.21593329730153277,0.03080473820559948,0.016988000000000003
2023-12-05,0.19631562436271563,0.21691759549024395,0.03743507221965878,0.021267000000000008
2023-12-06,0.19588476366912908,0.2168622006045575,0.04756683119220717,0.023827999999999988
2023-12-07,0.19616751147022254,0.21626567005625855,0.056721313862652306,0.019309999999999994
2023-12-08,0.19648814901683948,0.21700610920792796,0.048667580203048566,0.020698999999999995
2023-12-11,0.1961619757034373,0.2160164732631675,0.05335305416136474,0.014274000000000009
2023-12-12,0.19611983188036433,0.21783865440097075,0.04225962606092537,0.014111000000000012
2023-12-13,0.19586359314816126,0.21772906686992174,0.04484227717101194,0.00820499999999999
2023-12-14,0.19572539860764313,0.21915673898143936,0.04349245996277426,0.011309999999999987
2023-12-15,0.1955986838330156,0.22078447382023328,0.03910499600718664,0.014655000000000001
2023-12-18,0.19567731036783675,0.21926949984554805,0.059288240279966736,0.003967999999999999
2023-12-19,0.19570402175379623,0.21944427476167505,0.05150570113063674,0.010245000000000004
2023-12-20,0.19567950607277093,0.2192615394175464,0.07007911745435441,0.012327000000000005
2023-12-21,0.19588729801319235,0.21915677293963878,0.06262121875781448,0.017341999999999996
2023-12-22,0.1957401259086431,0.22023887773909526,0.0549821032526262,0.019666000000000017
2023-12-26,0.19563258426280392,0.21997413434515592,0.059083938332374464,0.014327000000000006
2023-12-27,0.19633869135084925,0.21956678193069737,0.05358096441434776,0.022499999999999992
2023-12-28,0.1970663951633488,0.21484206181188256,0.05351625438367921,0.02019500000000002
2023-12-29,0.19682638226313662,0.21494543936004454,0.048642299664907546,0.025804999999999995
2024-01-02,0.19633600629092957,0.2144829007965304,0.06615160488872052,0.02088200000000001
2024-01-03,0.19577221160242905,0.21486267732391978,0.07703934296101361,0.02112899999999998
2024-01-04,0.19587340775219045,0.2148859227378113,0.08095344087592649,0.01696599999999998
2024-01-05,0.1954811474162353,0.21480658952229734,0.07203368783792569,0.02346300000000001
2024-01-08,0.19544540285762033,0.21482497068333817,0.06914691387039792,0.01930699999999999
2024-01-09,0.1956795509954522,0.21436786664994922,0.06892832827672854,0.01840899999999998
2024-01-10,0.1963242499731643,0.21458932974613631,0.06745428855927216,0.020334999999999992
2024-01-11,0.19661693256276905,0.2146136909445982,0.07451117035131274,0.023233000000000004
2024-01-12,0.19632014563433023,0.21471355088815544,0.08061193159750221,0.017277000000000015
2024-01-16,0.19662722716556938,0.21468161278102077,0.0980528430035009,0.019464999999999982
2024-01-17,0.19772157712165694,0.2150026027658143,0.1133145623500448,0.02175100000000002
2024-01-18,0.19739994279351095,0.21504615816185277,0.11101972308342944,0.018070000000000003
2024-01-19,0.19733235575959387,0.21480820308983611,0.10661634228283443,0.026159000000000016
2024-01-22,0.19381344341382872,0.21434021946568207,0.10134487772250655,0.02595000000000003
2024-01-23,0.19426547999420232,0.21426655829204042,0.10448594951768883,0.011590999999999962
2024-01-24,0.19534910175166198,0.2144551154177816,0.10256284683958139,0.02148300000000003
2024-01-25,0.19547135887763553,0.21420861766145746,0.10866701890454064,0.024241000000000013
2024-01-26,0.19612466662639033,0.2145502690935234,0.11142601784054068,0.021863999999999995
2024-01-29,0.19732788075525462,0.21439019116084262,0.11692276546018882,0.02294099999999999
2024-01-30,0.19746716143937454,0.21457461658058427,0.12032093180269476,0.015176999999999996
2024-01-31,0.1991327107145957,0.21530122303539967,0.12802242049768633,0.01277600000000001
2024-02-01,0.20435898159938365,0.21481340298521537,0.10754119729688177,0.02498900000000004
2024-02-02,0.2076167821204407,0.214186784486418,0.10522288476123229,0.01466400000000001
2024-02-05,0.20921493363429086,0.21843877170984977,0.11646992522619395,0.012629999999999975
2024-02-06,0.21390093044013675,0.24096565203477133,0.11340293750034211,0.014686000000000032
2024-02-07,0.2138273436214241,0.23968640988592765,0.11370531807244649,0.0035620000000000096
2024-02-08,0.21292874327091824,0.23963802527707762,0.12338679334335012,0.003674999999999984
2024-02-09,0.212740258030522,0.23627310491368567,0.11544526793874169,0.007077
2024-02-12,0.21278457929007863,0.2347679877171575,0.12355877474207169,-0.00035599999999996745
2024-02-13,0.21206117010361725,0.2180243545901269,0.15980963379287544,0.011707000000000023
2024-02-14,0.21146466698926944,0.21946523100787357,0.13803798098531928,0.005465999999999971
2024-02-15,0.21134655053792012,0.21914368018641134,0.13427363785345375,-0.0034620000000000206
2024-02-16,0.2117602870519531,0.23386760231218645,0.13704122209733724,-0.0068090000000000095
2024-02-20,0.21196205696218579,0.23717935975461488,0.1384983925029633,3.0000000000030003e-05
2024-02-21,0.21221385811240168,0.23653936728190927,0.14170617835704513,0.006187000000000054
2024-02-22,0.21033498310006282,0.21686452710183768,0.15117119802482223,-0.012432999999999972
2024-02-23,0.20879326996987405,0.21663246133595226,0.031726092259948796,0.006037000000000015
2024-02-26,0.208462662395715,0.2166453527561879,0.033543370522132354,-0.012047999999999975
2024-02-27,0.20856807546510508,0.22179570263352127,0.02575049612611574,-0.002461999999999992
2024-02-28,0.20853833549846984,0.21608857368259698,0.02492528758168594,-0.0010550000000000004
2024-02-29,0.2082311562975608,0.2161404844092264,0.017477466948200793,-0.0016059999999999963
2024-03-01,0.20803423479627642,0.21724581370883303,0.01835068381491653,0.0042159999999999975
2024-03-04,0.20891693277995704,0.22172978690683978,0.023998513695065143,0.005226000000000008
2024-03-05,0.20850685284717818,0.21605280834472407,0.032194484458951234,0.005276999999999976
2024-03-06,0.20849308604552524,0.21676230965549934,0.03162754070637802,0.012203999999999993
2024-03-07,0.20886861647089336,0.21669642248012913,0.02204231953278596,0.0007519999999999749
2024-03-08,0.20919595362671925,0.21286608857564626,0.016477252266582004,0.0029659999999999964
2024-03-11,0.20890418683067843,0.21287486008529782,0.029455234675435843,0.003585000000000005
2024-03-12,0.2108365113653813,0.2198375250324371,0.032118831106427215,-0.013077000000000005
2024-03-13,0.21146377847818323,0.22188898036165267,0.025686953777063454,0.004914000000000002
2024-03-14,0.211350584765565,0.22297010709960852,0.031241166696681505,0.00631799999999999
2024-03-15,0.2113904769624573,0.2230326351566064,0.04359215461313104,0.006832000000000005
2024-03-18,0.21141704881801607,0.2230011114639302,0.03846097198881068,0.007952999999999988
2024-03-19,0.21138190636720733,0.22298501080333086,0.02520802893914248,0.00547700000000001
2024-03-20,0.2100674868901421,0.22284201937518222,0.011918121481100219,2.5999999999998247e-05
2024-03-21,0.20988597503782083,0.2309194821645372,0.010618289497268812,0.004858000000000001
2024-03-22,0.21024236684370717,0.22391945634605903,0.028784731936047164,-0.00030899999999997596
2024-03-25,0.210693884347652,0.22390819970896159,0.049093938558048666,0.00013900000000000023
2024-03-26,0.21044362522560067,0.222851486157431,0.05651291522323473,-0.005900000000000016
2024-03-27,0.21032476108041667,0.2228793765033187,0.05371375588600316,0.0020650000000000113
2024-03-28,0.2099858090612904,0.22306897663886124,0.06886876990215682,-0.003358
2024-04-01,0.2091094878537219,0.22417929703561723,0.09023753623783679,-0.0011979999999999769
2024-04-02,0.2097073343852228,0.23089934056594885,0.11588291179266075,-0.0010640000000000094
2024-04-03,0.209785269363977,0.2292516523196825,0.11287437797167535,0.0037490000000000023
2024-04-04,0.20842834710464825,0.22233440157472562,0.1413209357206352,0.0025129999999999875
2024-04-05,0.20844649993732656,0.23351495293533328,0.13207812926396748,0.007927000000000017
2024-04-08,0.20935489757047654,0.23340629429548831,0.13641742431606454,0.0044460000000000055
2024-04-09,0.20873244385467776,0.23296191485733808,0.13210411938971384,0.013954000000000022
2024-04-10,0.20821876838078937,0.23730477315106374,0.139687168172383,0.012939000000000034
2024-04-11,0.2075142988590967,0.2374344822093208,0.13142128076373613,0.0010760000000000214
2024-04-12,0.20635304867711282,0.23093635998065926,0.13893987471328725,0.012497000000000036
2024-04-15,0.2039194225310046,0.23237340573783774,0.13115031719270737,0.012970000000000037
2024-04-16,0.2046137340189851,0.23357890541094123,0.1310249612962894,0.003172000000000008
2024-04-17,0.2045832270721049,0.2210340027704192,0.12961082668219961,0.004693000000000003
2024-04-18,0.20424463447477778,0.22090257440183253,0.11400052821097523,0.013560000000000016
2024-04-19,0.20367762349785046,0.22032512710267413,0.12535109917988818,0.016956000000000027
2024-04-22,0.20300150598510358,0.22050523582752907,0.11550969559184165,0.014183999999999974
2024-04-23,0.2027533681083943,0.2222075644222984,0.10874417607236897,0.010193000000000008
2024-04-24,0.20306495862586735,0.22023028139840273,0.11514045015499846,0.012608000000000008
2024-04-25,0.20263728728412617,0.22074208467626869,0.10442723020577879,0.013361000000000012
2024-04-26,0.20232677105732114,0.22227950736584215,0.09753734724148569,0.006722000000000006
2024-04-29,0.20229321263699304,0.2222070499368952,0.10182053511887773,0.00803799999999999
2024-04-30,0.20243134031487287,0.22218724839105072,0.10693004437180745,0.0064569999999999905
2024-05-01,0.20165557613406693,0.21975451439052368,0.0985423480258997,-0.0046559999999999935
2024-05-02,0.20464565250434064,0.2207489304738831,0.08938341311658587,0.011351999999999973
2024-05-03,0.2018206493030395,0.22095314952322181,-0.008440862255447157,0.005442000000000002
2024-05-06,0.20103522435090299,0.22267324756308496,-0.023198705666445413,0.020052000000000014
2024-05-07,0.20063183895824446,0.2232297508653542,-0.029315713549191935,0.005753000000000008
2024-05-08,0.2008301976243851,0.22393126901132143,-0.03169617335058525,0.01533799999999999
2024-05-09,0.19933340952973147,0.2236218614997395,-0.03277266938958892,0.00397900000000001
2024-05-10,0.1994244234569417,0.22369402118173942,-0.036096049472364694,0.005155999999999994
2024-05-13,0.19888870346610107,0.22329400872363048,-0.027617810426572853,0.006217
2024-05-14,0.1990004495599213,0.22314074254372282,-0.00985019406257348,0.007713999999999999
2024-05-15,0.19898323344411448,0.22378613716123277,-0.024182473577532476,0.010379
2024-05-16,0.19893045483518687,0.22197176060229307,-0.011702181750457591,-0.002910999999999997
2024-05-17,0.19867242299189647,0.2223843924438887,-0.02518487759300775,0.007540000000000019
2024-05-20,0.19892682475599877,0.22163648059261076,-0.022389885903132706,0.013919999999999988
2024-05-21,0.19848530504137032,0.22194356227116663,-0.0180018631480785,0.009717000000000003
2024-05-22,0.1990621424661802,0.21750918319487522,-0.018023000249570098,0.010108000000000006
2024-05-23,0.19965689444191134,0.2191442506569078,-0.011954358877203697,0.00881599999999999
2024-05-24,0.1998312577208901,0.21778905038035865,-0.019682762547550248,0.012484999999999996
2024-05-28,0.20111584805208968,0.21801772517503026,-0.013144251141377045,0.014643000000000017
2024-05-29,0.20096207857928336,0.21866520891459967,0.00429060603339676,-0.005008999999999986
2024-05-30,0.20062883538292042,0.2182538276662404,-0.0035903451233118555,0.014329999999999982
2024-05-31,0.20004541469419293,0.21808699960887798,-0.008443845440787606,0.01897199999999999
2024-06-03,0.19937226452773602,0.21807724341916096,0.0036503271194859577,0.01611600000000002
2024-06-04,0.1992217732388851,0.2175449158712091,0.021945992185879892,0.013580000000000009
2024-06-05,0.19862062265425592,0.21810446632872912,0.028712659920537786,0.007911000000000001
2024-06-06,0.1996127219188311,0.21829408196950648,0.03723737358053117,0.002718000000000026
2024-06-07,0.19968180125154994,0.21784639973437353,0.031155492820735764,0.014166000000000012
2024-06-10,0.20028629054332167,0.21864276037534222,0.04741943695914755,0.006753000000000009
2024-06-11,0.20091659994297417,0.2197997438361204,0.03923695674567801,0.007174000000000014
2024-06-12,0.20013312799502472,0.21977586249019415,0.03618519904457809,0.0031920000000000004
2024-06-13,0.20031086812654955,0.21977197107866908,0.03818458063680613,-0.0002530000000000032
2024-06-14,0.2001559737836005,0.21871690264426621,0.03635609491103395,0.011026000000000008
2024-06-17,0.1996396528867896,0.2186701362630327,0.04144947270448143,0.004725000000000007
2024-06-18,0.19962416798393257,0.21855829086085624,0.04286388856879422,0.003456999999999988
2024-06-20,0.20106361957697033,0.21996642239120046,0.04992729686262415,0.0029589999999999894
2024-06-21,0.20116672545245246,0.2205901514864388,0.043250549241283354,0.01582
2024-06-24,0.20164167283066625,0.22128420431391896,0.04799590206306456,0.004675999999999986
2024-06-25,0.20172960058036968,0.22172733901828198,0.05874811912560343,0.003937999999999997
2024-06-26,0.20192102555913505,0.2200280892215391,0.0578363205551812,0.005837000000000009
2024-06-27,0.2018897064799114,0.22024789992235447,0.06624125998711106,0.0047629999999999895
2024-06-28,0.2013464569628073,0.21736854855900817,0.06840190716515318,0.014870999999999995
2024-07-01,0.201157034194093,0.2182847885974027,0.08640744427025265,0.00923700000000005
2024-07-02,0.20117124104614492,0.21839565857466522,0.10018193443320009,0.013990000000000002
